Artist,Title,Lyrics
Taylor Swift,cardigan,"Vintage tee, brand new phone
High heels on cobblestones
When you are young, they assume you know nothing
Sequin smile, black lipstick
Sensual politics
When you are young, they assume you know nothing

But I knew you
Dancin' in your Levi's
Drunk under a streetlight, I
I knew you
Hand under my sweatshirt
Baby, kiss it better, I

And when I felt like I was an old cardigan
Under someone's bed
You put me on and said I was your favorite

A friend to all is a friend to none
Chase two girls, lose the one
When you are young, they assume you know nothing
But I knew you
Playing hide-and-seek and
Giving me your weekends, I
I knew you
Your heartbeat on the High Line
Once in twenty lifetimes, I

And when I felt like I was an old cardigan
Under someone's bed
You put me on and said I was your favorite

To kiss in cars and downtown bars
Was all we needed
You drew stars around my scars
But now I'm bleedin'

'Cause I knew you
Steppin' on the last train
Marked me like a bloodstain, I
I knew you
Tried to change the ending
Peter losing Wendy, I
I knew you
Leavin' like a father
Running like water, I
And when you are young, they assume you know nothing
But I knew you'd linger like a tattoo kiss
I knew you'd haunt all of my what-ifs
The smell of smoke would hang around this long
'Cause I knew everything when I was young
I knew I'd curse you for the longest time
Chasin' shadows in the grocery line
I knew you'd miss me once the thrill expired
And you'd be standin' in my front porch light
And I knew you'd come back to me
You'd come back to me
And you'd come back to me
And you'd come back

And when I felt like I was an old cardigan
Under someone's bed
You put me on and said I was your favorite142EmbedShare URLCopyEmbedCopy"
Taylor Swift,exile,"I can see you standing, honey
With his arms around your body
Laughin', but the joke's not funny at all
And it took you five whole minutes
To pack us up and leave me with it
Holdin' all this love out here in the hall

I think I've seen this film before
And I didn't like the ending
You're not my homeland anymore
So what am I defending now?
You were my town, now I'm in exile, seein' you out
I think I've seen this film before

Ooh, ooh, ooh

I can see you starin', honey
Like he's just your understudy
Like you'd get your knuckles bloody for me
Second, third, and hundredth chances
Balancin' on breaking branches
Those eyes add insult to injury
I think I've seen this film before
And I didn't like the ending
I'm not your problem anymore
So who am I offending now?
You were my crown, now I'm in exile, seein' you out
I think I've seen this film before
So I'm leaving out the side door
So step right out, there is no amount
Of crying I can do for you
All this time
We always walked a very thin line
You didn't even hear me out (You didn't even hear me out)
You never gave a warning sign (I gave so many signs)
All this time
I never learned to read your mind (Never learned to read my mind)
I couldn't turn things around (You never turned things around)
'Cause you never gave a warning sign (I gave so many signs)
So many signs, so many signs
You didn't even see the signs

I think I've seen this film before
And I didn't like the ending
You're not my homeland anymore
So what am I defending now?
You were my town, now I'm in exile, seein' you out
I think I've seen this film before
So I'm leavin' out the side door
So step right out, there is no amount
Of crying I can do for you
All this time
We always walked a very thin line
You didn't even hear me out (Didn't even hear me out)
You never gave a warning sign (I gave so many signs)
All this time
I never learned to read your mind (Never learned to read my mind)
I couldn't turn things around (You never turned things around)
'Cause you never gave a warning sign (I gave so many signs)
You never gave a warning sign (All this time)
(So many times) I never learned to read your mind
(So many signs) I couldn't turn things around (I couldn't turn things around)
'Cause you never gave a warning sign (You never gave a warning sign)
You never gave a warning sign
Ah, ah93EmbedShare URLCopyEmbedCopy"
Taylor Swift,Lover,"We could leave the Christmas lights up 'til January
And this is our place, we make the rules
And there's a dazzling haze, a mysterious way about you, dear
Have I known you twenty seconds or twenty years?

Can I go where you go?
Can we always be this close?
Forever and ever, ah
Take me out, and take me home
You're my, my, my, my lover

We could let our friends crash in the living room
This is our place, we make the call
And I'm highly suspicious that everyone who sees you wants you
I've loved you three summers now, honey, but I want 'em all

Can I go where you go?
Can we always be this close?
Forever and ever, ah
Take me out, and take me home (Forever and ever)
You're my, my, my, my lover
Ladies and gentlemen, will you please stand?
With every guitar string scar on my hand
I take this magnetic force of a man to be my lover
My heart's been borrowed and yours has been blue
All's well that ends well to end up with you
Swear to be overdramatic and true to my lover
And you'll save all your dirtiest jokes for me
And at every table, I'll save you a seat, lover

Can I go where you go?
Can we always be this close?
Forever and ever, ah
Take me out, and take me home (Forever and ever)
You're my, my, my, my
Oh, you're my, my, my, my
Darling, you're my, my, my, my lover108EmbedShare URLCopyEmbedCopy"
Taylor Swift,the 1,"I'm doing good, I'm on some new shit
Been saying ""yes"" instead of ""no""
I thought I saw you at the bus stop, I didn't though
I hit the ground running each night
I hit the Sunday matinée
You know the greatest films of all time were never made

I guess you never know, never know
And if you wanted me, you really should've showed
And if you never bleed, you're never gonna grow
And it's alright now

But we were something, don't you think so?
Roaring twenties, tossing pennies in the pool
And if my wishes came true
It would've been you
In my defense, I have none
For never leaving well enough alone
But it would've been fun
If you would've been the one
(Ooh)

I have this dream you're doing cool shit
Having adventures on your own
You meet some woman on the internet and take her home
We never painted by the numbers, baby
But we were making it count
You know the greatest loves of all time are over now
I guess you never know, never know
And it's another day waking up alone

But we were something, don't you think so?
Roaring twenties, tossing pennies in the pool
And if my wishes came true
It would've been you
In my defense, I have none
For never leaving well enough alone
But it would've been fun
If you would've been the one

I, I, I persist and resist the temptation to ask you
If one thing had been different
Would everything be different today?

We were something, don't you think so?
Rosé flowing with your chosen family
And it would've been sweet
If it could've been me
In my defense, I have none
For digging up the grave another time
But it would've been fun
If you would've been the one
(Ooh)81EmbedShare URLCopyEmbedCopy"
Taylor Swift,Look What You Made Me Do,"I don't like your little games
Don't like your tilted stage
The role you made me play
Of the fool, no, I don't like you
I don't like your perfect crime
How you laugh when you lie
You said the gun was mine
Isn't cool, no, I don't like you (Oh)

But I got smarter, I got harder in the nick of time
Honey, I rose up from the dead, I do it all the time
I've got a list of names and yours is in red, underlined
I check it once, then I check it twice, oh!

Ooh, look what you made me do
Look what you made me do
Look what you just made me do
Look what you just made me—
Ooh, look what you made me do
Look what you made me do
Look what you just made me do
Look what you just made me do
I don't like your kingdom keys
They once belonged to me
You asked me for a place to sleep
Locked me out and threw a feast (What?)
The world moves on, another day, another drama, drama
But not for me, not for me, all I think about is karma
And then the world moves on, but one thing's for sure
Maybe I got mine, but you'll all get yours

But I got smarter, I got harder in the nick of time
Honey, I rose up from the dead, I do it all the time
I've got a list of names and yours is in red, underlined
I check it once, then I check it twice, oh!

Ooh, look what you made me do
Look what you made me do
Look what you just made me do
Look what you just made me—
Ooh, look what you made me do
Look what you made me do
Look what you just made me do
Look what you just made me do
I don't trust nobody and nobody trusts me
I'll be the actress starring in your bad dreams
I don't trust nobody and nobody trusts me
I'll be the actress starring in your bad dreams
I don't trust nobody and nobody trusts me
I'll be the actress starring in your bad dreams
I don't trust nobody and nobody trusts me
I'll be the actress starring in your bad dreams
(Ooh, look what you made me do
Look what you made me do
Look what you just made me do
Look what you just made me—
Ooh, look what you made me do
Look what you made me do
Look what you just made me—)
""I'm sorry, the old Taylor can't come to the phone right now
""Why? Oh, 'cause she's dead!"" (Oh)

Ooh, look what you made me do
Look what you made me do
Look what you just made me do
Look what you just made me—
Ooh, look what you made me do
Look what you made me do
Look what you just made me do
Look what you just made me do
Ooh, look what you made me do
Look what you made me do
Look what you just made me do
Look what you just made me—
Ooh, look what you made me do
Look what you made me do
Look what you just made me do
Look what you just made me do215EmbedShare URLCopyEmbedCopy"
Taylor Swift,betty,"Betty, I won't make assumptions
About why you switched your homeroom, but
I think it's 'cause of me
Betty, one time I was riding on my skateboard
When I passed your house
It's like I couldn't breathe

You heard the rumors from Inez
You can't believe a word she says
Most times, but this time it was true
The worst thing that I ever did
Was what I did to you

But if I just showed up at your party
Would you have me? Would you want me?
Would you tell me to go fuck myself
Or lead me to the garden?
In the garden, would you trust me
If I told you it was just a summer thing?
I'm only seventeen, I don't know anything
But I know I miss you

Betty, I know where it all went wrong
Your favorite song was playing
From the far side of the gym
I was nowhere to be found
I hate the crowds, you know that
Plus, I saw you dance with him
You heard the rumors from Inez
You can't believe a word she says
Most times, but this time it was true
The worst thing that I ever did
Was what I did to you

But if I just showed up at your party
Would you have me? Would you want me?
Would you tell me to go fuck myself
Or lead me to the garden?
In the garden, would you trust me
If I told you it was just a summer thing?
I'm only seventeen, I don't know anything
But I know I miss you

I was walking home on broken cobblestones
Just thinking of you when she pulled up like
A figment of my worst intentions
She said ""James, get in, let's drive""
Those days turned into nights
Slept next to her, but
I dreamt of you all summer long
Betty, I'm here on your doorstep
And I planned it out for weeks now
But it's finally sinkin' in
Betty, right now is the last time
I can dream about what happens when
You see my face again

The only thing I wanna do
Is make it up to you
So I showed up at your party
Yeah, I showed up at your party

Yeah, I showed up at your party
Will you have me? Will you love me?
Will you kiss me on the porch
In front of all your stupid friends?
If you kiss me, will it be just like I dreamed it?
Will it patch your broken wings?
I'm only seventeen, I don't know anything
But I know I miss you

Standing in your cardigan
Kissin' in my car again
Stopped at a streetlight
You know I miss you68EmbedShare URLCopyEmbedCopy"
Taylor Swift,august,"Salt air, and the rust on your door
I never needed anything more
Whispers of ""Are you sure?""
""Never have I ever before""

But I can see us lost in the memory
August slipped away into a moment in time
'Cause it was never mine
And I can see us twisted in bedsheets
August sipped away like a bottle of wine
'Cause you were never mine

Your back beneath the sun
Wishin' I could write my name on it
Will you call when you're back at school?
I remember thinkin' I had you

But I can see us lost in the memory
August slipped away into a moment in time
'Cause it was never mine
And I can see us twisted in bedsheets
August sipped away like a bottle of wine
'Cause you were never mine
Back when we were still changin' for the better
Wanting was enough
For me, it was enough
To live for the hope of it all
Cancel plans just in case you'd call
And say, ""Meet me behind the mall""
So much for summer love and saying ""us""
'Cause you weren't mine to lose
You weren't mine to lose, no

But I can see us lost in the memory
August slipped away into a moment in time
'Cause it was never mine
And I can see us twisted in bedsheets
August sipped away like a bottle of wine
'Cause you were never mine

'Cause you were never mine
Never mine
But do you remember?
Remember when I pulled up and said ""Get in the car""
And then canceled my plans just in case you'd call?
Back when I was livin' for the hope of it all, for the hope of it all
""Meet me behind the mall""
(Remember when I pulled up and said ""Get in the car"")
(And then canceled my plans just in case you'd call?)
(Back when I was livin' for the hope of it all, for the hope of it all)
(""Meet me behind the mall"")
Remember when I pulled up and said ""Get in the car""
And then canceled my plans just in case you'd call?
Back when I was livin' for the hope of it all (For the hope of it all)
For the hope of it all, for the hope of it all
(For the hope of it all, for the hope of it all)82EmbedShare URLCopyEmbedCopy"
Taylor Swift,End Game,"I wanna be your end game
I wanna be your first string
I wanna be your A-Team (Whoa, whoa, whoa)
I wanna be your end game, end game

Big reputation, big reputation
Ooh, you and me, we got big reputations, ah
And you heard about me, ooh
I got some big enemies (Yeah)
Big reputation, big reputation
Ooh, you and me would be a big conversation, ah (Git, git)
And I heard about you, ooh (Yeah)
You like the bad ones, too

You so dope, don't overdose, I’m so stoked, I need a toast
We do the most, I'm in the Ghost like I'm whippin’ a boat
I got a reputation, girl that don't precede me (Yeah)
I'm one call away whenever you need me (Yeah)
I'm in a G5 (Yeah), come to the A-Side (Yeah)
I got a bad boy persona, that's what they like (What they like)
You love it, I love it too 'cause you my type (You my type)
You hold me down and I protect you with my life
I don't wanna touch you, I don't wanna be
Just another ex-love you don’t wanna see
I don’t wanna miss you (I don't wanna miss you)
Like the other girls do
I don’t wanna hurt you, I just wanna be
Drinking on a beach with you all over me
I know what they all say (I know what they all say)
But I ain't tryna play

I wanna be your end game (End game)
I wanna be your first string (First string)
I wanna be your A-Team (A-Team)
I wanna be your end game, end game

Knew her when I was young, reconnected when we were little bit older
Both sprung, I got issues and chips on both of my shoulders
Reputation precedes me, in rumors, I'm knee-deep
The truth is, it's easier to ignore it, believe me
Even when we’d argue, we'd not do it for long
And you understand the good and bad end up in the song
For all your beautiful traits, and the way you do it with ease
For all my flaws, paranoia, and insecurities
I've made mistakes and made some choices, that's hard to deny
After the storm, something was born on the 4th of July
I've passed days without fun, this end game is the one
With four words on the tip of my tongue, I'll never say it
I don't wanna touch you, I don't wanna be
Just another ex-love you don't wanna see
I don't wanna miss you (I don't wanna miss you)
Like the other girls do
I don't wanna hurt you, I just wanna be
Drinking on a beach with you all over me
I know what they all say, yeah
But I ain't tryna play

I wanna be your end game (End game)
I wanna be your first string (Wanna be your first string)
I wanna be your A-Team (A-Team)
I wanna be your end game, end game

Big reputation, big reputation
Ooh, you and me, we got big reputations, ah
And you heard about me, ooh
I got some big enemies
Hey, big reputation, big reputation
Ooh, you and me would be a big conversation, ah
And I heard about you, ooh
You like the bad ones, too
I hit you like bang, we tried to forget it, but we just couldn't
And I bury hatchets, but I keep maps of where I put 'em
Reputation precedes me, they told you I'm crazy
I swear I don't love the drama, it loves me
And I can't let you go, your hand prints on my soul
It's like your eyes are liquor, it's like your body is gold
You've been calling my bluff on all my usual tricks
So here's the truth from my red lips

I wanna be your end game (End game)
I wanna be your first string (Me and you, first string)
I wanna be your A-Team (Be your A-Team now, A-Team)
I wanna be your end game, end game
I wanna be your end game (Oh, I do)
I wanna be your first string (First string)
I wanna be your A-Team (A-Team)
I wanna be your end game, end game104EmbedShare URLCopyEmbedCopy"
Taylor Swift,You Need To Calm Down,"You are somebody that I don't know
But you're takin' shots at me like it's Patrón
And I'm just like, damn, it's 7 AM
Say it in the street, that's a knock-out
But you say it in a Tweet, that's a cop-out
And I'm just like, ""Hey, are you okay?""

And I ain't tryna mess with your self-expression
But I've learned a lesson that stressin' and obsessin' 'bout somebody else is no fun
And snakes and stones never broke my bones

So oh-oh, oh-oh, oh-oh, oh-oh, oh-oh
You need to calm down, you're being too loud
And I'm just like oh-oh, oh-oh, oh-oh, oh-oh, oh-oh (Oh)
You need to just stop, like can you just not step on my gown?
You need to calm down

You are somebody that we don't know
But you're comin' at my friends like a missile
Why are you mad when you could be GLAAD? (You could be GLAAD)
Sunshine on the street at the parade
But you would rather be in the dark ages
Makin' that sign must've taken all night
You just need to take several seats and then try to restore the peace
And control your urges to scream about all the people you hate
'Cause shade never made anybody less gay

So oh-oh, oh-oh, oh-oh, oh-oh, oh-oh
You need to calm down, you're being too loud
And I'm just like oh-oh, oh-oh, oh-oh, oh-oh, oh-oh (Oh)
You need to just stop, like can you just not step on his gown?
You need to calm down

And we see you over there on the internet
Comparing all the girls who are killing it
But we figured you out
We all know now we all got crowns
You need to calm down

Oh-oh, oh-oh, oh-oh, oh-oh, oh-oh
You need to calm down (You need to calm down)
You're being too loud (You're being too loud)
And I'm just like oh-oh, oh-oh, oh-oh, oh-oh, oh-oh (Oh)
You need to just stop (Can you stop?)
Like can you just not step on our gowns?
You need to calm down103EmbedShare URLCopyEmbedCopy"
Taylor Swift,ME!,"I promise that you'll never find another like me

I know that I'm a handful, baby, uh
I know I never think before I jump
And you're the kind of guy the ladies want
(And there's a lot of cool chicks out there)
I know that I went psycho on the phone
I never leave well enough alone
And trouble's gonna follow where I go
(And there's a lot of cool chicks out there)

But one of these things is not like the others
Like a rainbow with all of the colors
Baby doll, when it comes to a lover
I promise that you'll never find another like

Me-e-e, ooh-ooh-ooh-ooh
I'm the only one of me
Baby, that's the fun of me
Eeh-eeh-eeh, ooh-ooh-ooh-ooh
You're the only one of you
Baby, that's the fun of you
And I promise that nobody's gonna love you like me-e-e
I know I tend to make it about me
I know you never get just what you see
But I will never bore you, baby
(And there's a lot of lame guys out there)
And when we had that fight out in the rain
You ran after me and called my name
I never wanna see you walk away
(And there's a lot of lame guys out there)

'Cause one of these things is not like the others
Livin' in winter, I am your summer
Baby doll, when it comes to a lover
I promise that you'll never find another like

Me-e-e, ooh-ooh-ooh-ooh
I'm the only one of me
Let me keep you company
Eeh-eeh-eeh, ooh-ooh-ooh-ooh
You're the only one of you
Baby, that's the fun of you
And I promise that nobody's gonna love you like me-e-e

Girl, there ain't no I in ""team""
But you know there is a ""me""
Strike the band up, 1, 2, 3
I promise that you'll never find another like me
Girl, there ain't no I in ""team""
But you know there is a ""me""
And you can't spell ""awesome"" without ""me""
I promise that you'll never find another like
Me-e-e (Yeah), ooh-ooh-ooh-ooh (And I want ya, baby)
I'm the only one of me (I'm the only one of me)
Baby, that's the fun of me (Baby, that's the fun of me)
Eeh-eeh-eeh, ooh-ooh-ooh-ooh (Oh)
You're the only one of you (Oh)
Baby, that's the fun of you
And I promise that nobody's gonna love you like me-e-e

Girl, there ain't no I in ""team"" (Ooh-ooh-ooh-ooh)
But you know there is a ""me""
I'm the only one of me (Oh-oh)
Baby, that's the fun of me
(Eeh-eeh-eeh, ooh-ooh-ooh-ooh)
Strike the band up, 1, 2, 3
You can't spell ""awesome"" without ""me""
You're the only one of you
Baby, that's the fun of you
And I promise that nobody's gonna love you like me-e-e112EmbedShare URLCopyEmbedCopy"
Taylor Swift,Blank Space,"Nice to meet you, where you been?
I could show you incredible things
Magic, madness, heaven, sin
Saw you there, and I thought
""Oh my God, look at that face
You look like my next mistake
Love's a game, wanna play?""
Ayy

New money, suit and tie
I can read you like a magazine
Ain't it funny? Rumors fly
And I know you heard about me
So hey, let's be friends
I'm dyin' to see how this one ends
Grab your passport and my hand
I can make the bad guys good for a weekend

So it's gonna be forever
Or it's gonna go down in flames
You can tell me when it's over, mm
If the high was worth the pain
Got a long list of ex-lovers
They'll tell you I'm insane
'Cause you know I love the players
And you love the game
'Cause we're young and we're reckless
We'll take this way too far
It'll leave you breathless, hmm
Or with a nasty scar
Got a long list of ex-lovers
They'll tell you I'm insane
But I've got a blank space, baby
And I'll write your name
Cherry lips, crystal skies
I could show you incredible things
Stolen kisses, pretty lies
You're the King, baby, I'm your Queen
Find out what you want
Be that girl for a month
Wait, the worst is yet to come
Oh, no

Screaming, crying, perfect storms
I can make all the tables turn
Rose garden filled with thorns
Keep you second guessin' like
""Oh my God, who is she?""
I get drunk on jealousy
But you'll come back each time you leave
'Cause, darling, I'm a nightmare dressed like a daydream

So it's gonna be forever
Or it's gonna go down in flames
You can tell me when it's over, mm
If the high was worth the pain
Got a long list of ex-lovers
They'll tell you I'm insane
'Cause you know I love the players
And you love the game
'Cause we're young and we're reckless
We'll take this way too far
It'll leave you breathless, hmm
Or with a nasty scar
Got a long list of ex-lovers
They'll tell you I'm insane
But I've got a blank space, baby
And I'll write your name
Boys only want love if it's torture
Don't say I didn't, say I didn't warn ya
Boys only want love if it's torture
Don't say I didn't, say I didn't warn ya

So it's gonna be forever
Or it's gonna go down in flames
You can tell me when it's over, mm
If the high was worth the pain
Got a long list of ex-lovers
They'll tell you I'm insane
'Cause you know I love the players
And you love the game
'Cause we're young and we're reckless
We'll take this way too far
It'll leave you breathless, hmm
Or with a nasty scar
Got a long list of ex-lovers
They'll tell you I'm insane
But I've got a blank space, baby
And I'll write your name1KEmbedShare URLCopyEmbedCopy"
Taylor Swift,Ready for It?,"Knew he was a killer first time that I saw him
Wondered how many girls he had loved and left haunted
But if he's a ghost, then I can be a phantom
Holdin' him for ransom, some
Some boys are tryin' too hard, he don't try at all though
Younger than my exes, but he act like such a man, so
I see nothing better, I keep him forever
Like a vendetta-ta

I, I, I see how this is gon' go
Touch me and you'll never be alone
I-Island breeze and lights down low
No one has to know

In the middle of the night, in my dreams
You should see the things we do, baby
In the middle of the night, in my dreams
I know I'm gonna be with you, so I take my time
Are you ready for it?

Knew I was a robber first time that he saw me
Stealing hearts and running off and never sayin' sorry
But if I'm a thief, then he can join the heist, and
We'll move to an island, and
And he can be my jailer, Burton to this Taylor
Every love I've known in comparison is a failure
I forget their names now, I'm so very tame now
Never be the same now, now
I, I, I see how this is gon' go
Touch me and you'll never be alone
I-Island breeze and lights down low
No one has to know (No one has to know)

In the middle of the night, in my dreams
You should see the things we do, baby
In the middle of the night in my dreams
I know I'm gonna be with you, so I take my time
Are you ready for it?
Oh, are you ready for it?

Baby, let the games begin
Let the games begin
Let the games begin
Baby, let the games begin
Let the games begin
Let the games begin

I, I, I see how this is gon' go
Touch me and you'll never be alone
I-Island breeze and lights down low
No one has to know
In the middle of the night (Night), in my dreams (My dreams)
You should see the things we do (We do), baby (Baby), hmm (Eh)
In the middle of the night, in my dreams (My dreams)
I know I'm gonna be with you (I know I'm gonna be with you)
So I take my time
In the middle of the night

Baby, let the games begin
Let the games begin
Let the games begin
Are you ready for it?
Baby, let the games begin
Let the games begin
Let the games begin
Are you ready for it?142EmbedShare URLCopyEmbedCopy"
Taylor Swift,champagne problems,"You booked the night train for a reason
So you could sit there in this hurt
Bustling crowds or silent sleepers
You're not sure which is worse

Because I dropped your hand while dancing
Left you out there standing
Crestfallen on the landing
Champagne problems
Your mom's ring in your pocket
My picture in your wallet
Your heart was glass, I dropped it
Champagne problems

You told your family for a reason
You couldn't keep it in
Your sister splashed out on the bottle
Now no one's celebrating

Dom Pérignon, you brought it
No crowd of friends applauded
Your hometown skeptics called it
Champagne problems
You had a speech, you're speechless
Love slipped beyond your reaches
And I couldn't give a reason
Champagne problems
Your Midas touch on the Chevy door
November flush and your flannel cure
""This dorm was once a madhouse""
I made a joke, ""Well, it's made for me""
How evergreen, our group of friends
Don't think we'll say that word again
And soon they'll have the nerve to deck the halls
That we once walked through
One for the money, two for the show
I never was ready so I watch you go
Sometimes you just don't know the answer
'Til someone's on their knees and asks you
""She would've made such a lovely bride
What a shame she's fucked in the head,"" they said
But you'll find the real thing instead
She'll patch up your tapestry that I shred

And hold your hand while dancing
Never leave you standing
Crestfallen on the landing
With champagne problems
Your mom's ring in your pocket
Her picture in your wallet
You won't remember all my
Champagne problems
You won't remember all my
Champagne problems75EmbedShare URLCopyEmbedCopy"
Taylor Swift,willow,"I'm like the water when your ship rolled in that night
Rough on the surface, but you cut through like a knife
And if it was an open-shut case
I never would've known from that look on your face
Lost in your current like a priceless wine

The more that you say, the less I know
Wherever you stray, I follow
I'm begging for you to take my hand
Wreck my plans, that's my man

Life was a willow and it bent right to your wind
Head on the pillow, I could feel you sneakin' in
As if you were a mythical thing
Like you were a trophy or a champion ring
And there was one prize I'd cheat to win

The more that you say, the less I know
Wherever you stray, I follow
I'm begging for you to take my hand
Wreck my plans, that's my man
You know that my train could take you home
Anywhere else is hollow
I'm begging for you to take my hand
Wreck my plans, that's my man
Life was a willow and it bent right to your wind
They count me out time and time again
Life was a willow and it bent right to your wind
But I come back stronger than a '90s trend

Wait for the signal, and I'll meet you after dark
Show me the places where the others gave you scars
Now this is an open-shut case
I guess I should've known from the look on your face
Every bait-and-switch was a work of art

The more that you say, the less I know
Wherever you stray, I follow
I'm begging for you to take my hand
Wreck my plans, that's my man
You know that my train could take you home
Anywhere else is hollow
I'm begging for you to take my hand
Wreck my plans, that's my man
The more that you say, the less I know
Wherever you stray, I follow
I'm begging for you to take my hand
Wreck my plans, that's my man
You know that my train could take you home
Anywhere else is hollow
I'm begging for you to take my hand
Wreck my plans, that's my man
Hey, that's my man
That's my man
Yeah, that's my man
Every bait-and-switch was a work of art
That's my man
Hey, that's my man
I'm begging for you to take my hand
Wreck my plans, that's my man87EmbedShare URLCopyEmbedCopy"
Taylor Swift,my tears ricochet,"We gather here, we line up, weepin' in a sunlit room
And if I'm on fire, you'll be made of ashes, too
Even on my worst day, did I deserve, babe
All the hell you gave me?
'Cause I loved you, I swear I loved you
'Til my dying day

I didn't have it in myself to go with grace
And you're the hero flying around, saving face
And if I'm dead to you, why are you at the wake?
Cursing my name, wishing I stayed
Look at how my tears ricochet

We gather stones, never knowing what they'll mean
Some to throw, some to make a diamond ring
You know I didn't want to have to haunt you
But what a ghostly scene
You wear the same jewels that I gave you
As you bury me

I didn't have it in myself to go with grace
'Cause when I'd fight, you used to tell me I was brave
And if I'm dead to you, why are you at the wake?
Cursing my name, wishing I stayed
Look at how my tears ricochet
And I can go anywhere I want
Anywhere I want, just not home
And you can aim for my heart, go for blood
But you would still miss me in your bones
And I still talk to you (When I'm screaming at the sky)
And when you can't sleep at night (You hear my stolen lullabies)

I didn't have it in myself to go with grace
And so the battleships will sink beneath the waves
You had to kill me, but it killed you just the same
Cursing my name, wishing I stayed
You turned into your worst fears
And you're tossing out blame, drunk on this pain
Crossing out the good years
And you're cursing my name, wishing I stayed
Look at how my tears ricochet72EmbedShare URLCopyEmbedCopy"
Taylor Swift,invisible string,"Green was the color of the grass
Where I used to read at Centennial Park
I used to think I would meet somebody there
Teal was the color of your shirt
When you were sixteen at the yogurt shop
You used to work at to make a little money

Time, curious time
Gave me no compasses, gave me no signs
Were there clues I didn't see?
And isn't it just so pretty to think
All along there was some
Invisible string
Tying you to me?
Ooh-ooh-ooh-ooh

Bad was the blood of the song in the cab
On your first trip to LA
You ate at my favorite spot for dinner
Bold was the waitress on our three-year trip
Getting lunch down by the Lakes
She said I looked like an American singer
Time, mystical time
Cutting me open, then healing me fine
Were there clues I didn't see?
And isn't it just so pretty to think
All along there was some
Invisible string
Tying you to me?
Ooh-ooh-ooh-ooh

A string that pulled me
Out of all the wrong arms, right into that dive bar
Something wrapped all of my past mistakes in barbed wire
Chains around my demons
Wool to brave the seasons
One single thread of gold
Tied me to you

Cold was the steel of my axe to grind
For the boys who broke my heart
Now I send their babies presents
Gold was the color of the leaves
When I showed you around Centennial Park
Hell was the journey but it brought me heaven
Time, wondrous time
Gave me the blues and then purple-pink skies
And it's cool
Baby, with me
And isn't it just so pretty to think
All along there was some
Invisible string
Tying you to me?
Ooh-ooh-ooh-ooh
Me
Ooh-ooh-ooh-ooh

(Ah-ah-ah)
(Ah-ah-ah)55EmbedShare URLCopyEmbedCopy"
Taylor Swift,Cruel Summer,"(Yeah, yeah, yeah, yeah)

Fever dream high in the quiet of the night
You know that I caught it (Oh yeah, you're right, I want it)
Bad, bad boy, shiny toy with a price
You know that I bought it (Oh yeah, you're right, I want it)

Killing me slow, out the window
I'm always waiting for you to be waiting below
Devils roll the dice, angels roll their eyes
What doesn't kill me makes me want you more

And it's new, the shape of your body
It's blue, the feeling I've got
And it's ooh, whoa oh
It's a cruel summer
It's cool, that's what I tell 'em
No rules in breakable heaven
But ooh, whoa oh
It's a cruel summer
With you
Hang your head low in the glow of the vending machine
I'm not dying (Oh yeah, you're right, I want it)
We say that we'll just screw it up in these trying times
We're not trying (Oh yeah, you're right, I want it)

So cut the headlights, summer's a knife
I'm always waiting for you just to cut to the bone
Devils roll the dice, angels roll their eyes
And if I bleed, you'll be the last to know

Oh, it's new, the shape of your body
It's blue, the feeling I've got
And it's ooh, whoa oh
It's a cruel summer
It's cool, that's what I tell 'em
No rules in breakable heaven
But ooh, whoa oh
It's a cruel summer
With you

I'm drunk in the back of the car
And I cried like a baby coming home from the bar (Oh)
Said, ""I'm fine,"" but it wasn't true
I don't wanna keep secrets just to keep you
And I snuck in through the garden gate
Every night that summer just to seal my fate (Oh)
And I scream, ""For whatever it's worth
I love you, ain't that the worst thing you ever heard?""
He looks up, grinning like a devil
It's new, the shape of your body
It's blue, the feeling I've got
And it's ooh, whoa oh
It's a cruel summer
It's cool, that's what I tell 'em
No rules in breakable heaven
But ooh, whoa oh
It's a cruel summer
With you

I'm drunk in the back of the car
And I cried like a baby coming home from the bar (Oh)
Said, ""I'm fine,"" but it wasn't true
I don't wanna keep secrets just to keep you
And I snuck in through the garden gate
Every night that summer just to seal my fate (Oh)
And I scream, ""For whatever it's worth
I love you, ain't that the worst thing you ever heard?""
(Yeah, yeah, yeah, yeah)73EmbedShare URLCopyEmbedCopy"
Taylor Swift,the last great american dynasty,"Rebekah rode up on the afternoon train, it was sunny
Her saltbox house on the coast took her mind off St. Louis
Bill was the heir to the Standard Oil name and money
And the town said, ""How did a middle-class divorcée do it?""
The wedding was charming, if a little gauche
There's only so far new money goes
They picked out a home and called it ""Holiday House""
Their parties were tasteful, if a little loud
The doctor had told him to settle down
It must have been her fault his heart gave out

And they said
""There goes the last great American dynasty
Who knows, if she never showed up, what could've been
There goes the maddest woman this town has ever seen
She had a marvelous time ruining everything""

Rebekah gave up on the Rhode Island set forever
Flew in all her Bitch Pack friends from the city
Filled the pool with champagne and swam with the big names
And blew through the money on the boys and the ballet
And losing on card game bets with Dalí
And they said
""There goes the last great American dynasty
Who knows, if she never showed up, what could've been
There goes the most shameless woman this town has ever seen
She had a marvelous time ruining everything""

They say she was seen on occasion
Pacing the rocks, staring out at the midnight sea
And in a feud with her neighbor
She stole his dog and dyed it key lime green
Fifty years is a long time
Holiday House sat quietly on that beach
Free of women with madness, their men and bad habits
And then it was bought by me

Who knows, if I never showed up, what could've been
There goes the loudest woman this town has ever seen
I had a marvelous time ruining everything

I had a marvelous time ruining everything
A marvelous time ruining everything
A marvelous time
I had a marvelous time59EmbedShare URLCopyEmbedCopy"
Taylor Swift,Delicate,"This ain't for the best
My reputation's never been worse, so
You must like me for me...
We can't make
Any promises now, can we, babe?
But you can make me a drink
Dive bar on the East Side, where you at?
Phone lights up my nightstand in the black
Come here, you can meet me in the back
Dark jeans and your Nikes, look at you
Oh damn, never seen that color blue
Just think of the fun things we could do
('Cause I like you)

This ain't for the best
My reputation's never been worse, so
You must like me for me...
(Yeah, I want you)
We can't make
Any promises now, can we, babe?
But you can make me a drink
Is it cool that I said all that?
Is it chill that you're in my head?
'Cause I know that it's delicate (Delicate)
Is it cool that I said all that?
Is it too soon to do this yet?
'Cause I know that it's delicate
Isn't it? Isn't it? Isn't it?
Isn't it?
Isn't it? Isn't it? Isn't it?
Isn't it... delicate?

Third floor on the West Side, me and you
Handsome, you're a mansion with a view
Do the girls back home touch you like I do?
Long night, with your hands up in my hair
Echoes of your footsteps on the stairs
Stay here, honey, I don't wanna share
('Cause I like you)

This ain't for the best
My reputation's never been worse, so
You must like me for me…
(Yeah, I want you)
We can't make
Any promises now, can we, babe?
But you can make me a drink
Is it cool that I said all that?
Is it chill that you're in my head?
'Cause I know that it's delicate (Delicate)
Is it cool that I said all that?
Is it too soon to do this yet?
'Cause I know that it's delicate
Isn't it? Isn't it? Isn't it?
Isn't it?
Isn't it? Isn't it? Isn't it?
Isn't it delicate?

Sometimes I wonder when you sleep
Are you ever dreaming of me?
Sometimes when I look into your eyes
I pretend you're mine, all the damn time
'Cause I like you

Is it cool that I said all that?
Is it chill that you're in my head?
'Cause I know that it's delicate (Delicate)
(Yeah, I want you)
Is it cool that I said all that?
Is it too soon to do this yet?
'Cause I know that it's delicate (Delicate)
('Cause I like you)
Is it cool that I said all that?
Isn't it? Isn't it? Isn't it? Isn't it?
Is it chill that you're in my head?
Isn't it? Isn't it? Isn't it? Isn't it?
'Cause I know that it's delicate
Isn't it? Isn't it? Isn't it? Isn't it?
(Yeah, I want you)
Is it cool that I said all that?
Isn't it? Isn't it? Isn't it? Isn't it?
Is it too soon to do this yet?
Isn't it? Isn't it? Isn't it?
'Cause I know that it's delicate
Isn't it delicate?90EmbedShare URLCopyEmbedCopy"
Taylor Swift,Call It What You Want,"My castle crumbled overnight
I brought a knife to a gunfight
They took the crown, but it's alright
All the liars are calling me one
Nobody's heard from me for months
I'm doin' better than I ever was
'Cause

My baby's fit like a daydream
Walking with his head down
I'm the one he's walking to
So call it what you want, yeah
Call it what you want to
My baby's fly like a jet stream
High above the whole scene
Loves me like I'm brand new
So call it what you want, yeah
Call it what you want to

All my flowers grew back as thorns
Windows boarded up after the storm
He built a fire just to keep me warm
All the drama queens taking swings
All the jokers dressing up as kings
They fade to nothing when I look at him
And I know I make the same mistakes every time
Bridges burn, I never learn
At least I did one thing right
I did one thing right
I'm laughing with my lover, makin' forts under covers
Trust him like a brother
Yeah, you know I did one thing right
Starry eyes sparkin' up my darkest night
My baby's fit like a daydream
Walking with his head down
I'm the one he's walking to
So call it what you want, yeah
Call it what you want to
My baby's fly like a jet stream
High above the whole scene
Loves me like I'm brand new
(Call it what you want, call it what you want, call it)
So call it what you want, yeah
Call it what you want to

I want to wear his initial on a chain 'round my neck
Chain 'round my neck
Not because he owns me
But 'cause he really knows me
Which is more than they can say, I
I recall late November
Holding my breath, slowly, I said
""You don't need to save me
But would you run away with me?""
Yes (Would you run away?)

My baby's fit like a daydream
Walking with his head down
I'm the one he's walking to
(Call it what you want, call it what you want, call it)
So call it what you want, yeah
Call it what you want to
My baby's fly like a jet stream
High above the whole scene
Loves me like I'm brand new
(Call it what you want, call it what you want, call it)
So call it what you want, yeah
Call it what you want to
(Call it what you want, call it)
(Call it what you want, call it what you want, call it)
(Call it what you want, call it what you want, call it)
(Call it what you want, call it what you want, call it)
(Call it what you want, call it what you want, call it)
(Call it what you want, call it what you want, call it)
(Call it what you want, call it what you want, call it)
Call it what you want, yeah
Call it what you want... to88EmbedShare URLCopyEmbedCopy"
Taylor Swift,seven,"Please picture me in the trees
I hit my peak at seven
Feet in the swing over the creek
I was too scared to jump in
But I, I was high in the sky
With Pennsylvania under me
Are there still beautiful things?

Sweet tea in the summer
Cross your heart, won't tell no other
And though I can’t recall your face
I still got love for you
Your braids like a pattern
Love you to the Moon and to Saturn
Passed down like folk songs
The love lasts so long

And I've been meaning to tell you
I think your house is haunted
Your dad is always mad and that must be why
And I think you should come live with me
And we can be pirates
Then you won't have to cry
Or hide in the closet
And just like a folk song
Our love will be passed on
Please picture me in the weeds
Before I learned civility
I used to scream ferociously
Any time I wanted
I, I

Sweet tea in the summer
Cross my heart, won’t tell no other
And though I can't recall your face
I still got love for you
Pack your dolls and a sweater
We'll move to India forever
Passed down like folk songs
Our love lasts so long67EmbedShare URLCopyEmbedCopy"
Taylor Swift,Style,"Midnight
You come and pick me up, no headlights
A long drive
Could end in burning flames or paradise
Fade into view, oh
It's been a while since I have even heard from you
(Heard from you)
And I should just tell you to leave, 'cause I
Know exactly where it leads, but I
Watch us go 'round and 'round each time

You got that James Dean daydream look in your eye
And I got that red lip classic thing that you like
And when we go crashing down, we come back every time
'Cause we never go out of style, we never go out of style
You got that long hair, slicked back, white t-shirt
And I got that good girl faith and a tight little skirt
And when we go crashing down, we come back every time
'Cause we never go out of style, we never go out of style

So it goes
He can't keep his wild eyes on the road (Mmm)
Takes me home
The lights are off, he's taking off his coat (Mmm, yeah)
I say, ""I heard, oh
That you've been out and about with some other girl""
Some other girl
He says, ""What you heard is true, but I
Can't stop thinking 'bout you and I""
I said, ""I've been there too a few times""
'Cause you got that James Dean daydream look in your eye
And I got that red lip classic thing that you like
And when we go crashing down, we come back every time
'Cause we never go out of style, we never go out of style
You got that long hair, slicked back, white t-shirt
And I got that good girl faith and a tight little skirt
(A tight little skirt)
And when we go crashing down, we come back every time
'Cause we never go out of style (We never go, we never go)
We never go out of style

Take me home
Just take me home
Yeah, just take me home
Oh-oh, whoa-oh, oh
(Out of style)

Oh, you got that James Dean daydream look in your eye
And I got that red lip classic thing that you like
And when we go crashing down (And when we go)
We come back every time
'Cause we never go out of style, we never go out of style1KEmbedShare URLCopyEmbedCopy"
Taylor Swift,illicit affairs,"Make sure nobody sees you leave
Hood over your head, keep your eyes down
Tell your friends you're out for a run
You’ll be flushed when you return
Take the road less traveled by
Tell yourself you can always stop
What started in beautiful rooms
Ends with meetings in parking lots

And that's the thing about illicit affairs
And clandestine meetings and longing stares
It's born from just one single glance
But it dies and it dies and it dies
A million little times

Leave the perfume on the shelf
That you picked out just for him
So you leave no trace behind
Like you don’t even exist
Take the words for what they are
A dwindling, mercurial high
A drug that only worked
The first few hundred times
And that's the thing about illicit affairs
And clandestine meetings and stolen stares
They show their truth one single time
But they lie and they lie and they lie
A million little times

And you wanna scream
Don't call me ""kid,"" don't call me ""baby""
Look at this godforsaken mess that you made me
You showed me colors you know I can't see with anyone else
Don't call me ""kid,"" don't call me ""baby""
Look at this idiotic fool that you made me
You taught me a secret language I can't speak with anyone else

And you know damn well
For you, I would ruin myself
A million little times64EmbedShare URLCopyEmbedCopy"
Taylor Swift,this is me trying,"I've been having a hard time adjusting
I had the shiniest wheels, now they're rusting
I didn't know if you'd care if I came back
I have a lot of regrets about that
Pulled the car off the road to the lookout
Could've followed my fears all the way down
And maybe I don't quite know what to say
But I'm here in your doorway

I just wanted you to know that this is me trying
I just wanted you to know that this is me trying

They told me all of my cages were mental
So I got wasted like all my potential
And my words shoot to kill when I'm mad
I have a lot of regrets about that
I was so ahead of the curve, the curve became a sphere
Fell behind all my classmates and I ended up here
Pouring out my heart to a stranger
But I didn't pour the whiskey

I just wanted you to know that this is me trying
I just wanted you to know that this is me trying
At least I'm trying

And it's hard to be at a party when I feel like an open wound
It's hard to be anywhere these days when all I want is you
You're a flashback in a film reel on the one screen in my town

And I just wanted you to know that this is me trying
(And maybe I don't quite know what to say)
I just wanted you to know that this is me trying

At least I'm trying51EmbedShare URLCopyEmbedCopy"
Taylor Swift,Love Story,"We were both young when I first saw you
I close my eyes, and the flashback starts
I'm standing there
On a balcony in summer air
See the lights, see the party, the ball gowns
See you make your way through the crowd
And say, ""Hello""
Little did I know

That you were Romeo, you were throwing pebbles
And my daddy said, ""Stay away from Juliet""
And I was crying on the staircase
Begging you, ""Please don't go,"" and I said

Romeo, take me somewhere we can be alone
I'll be waiting, all there's left to do is run
You'll be the prince and I'll be the princess
It's a love story, baby, just say ""Yes""

So I sneak out to the garden to see you
We keep quiet, 'cause we're dead if they knew
So close your eyes
Escape this town for a little while, oh, oh
'Cause you were Romeo, I was a scarlet letter
And my daddy said, ""Stay away from Juliet""
But you were everything to me
I was begging you, ""Please don't go,"" and I said

Romeo, take me somewhere we can be alone
I'll be waiting, all there's left to do is run
You'll be the prince and I'll be the princess
It's a love story, baby, just say ""Yes""
Romeo, save me, they're trying to tell me how to feel
This love is difficult, but it's real
Don't be afraid, we'll make it out of this mess
It's a love story, baby, just say ""Yes""

Oh, oh

I got tired of waiting
Wondering if you were ever coming around
My faith in you was fading
When I met you on the outskirts of town

And I said, ""Romeo, save me, I've been feeling so alone
I keep waiting for you but you never come
Is this in my head? I don't know what to think""
He knelt to the ground and pulled out a ring, and said
""Marry me, Juliet, you'll never have to be alone
I love you, and that's all I really know
I talked to your dad, go pick out a white dress
It's a love story, baby, just say 'Yes'""

Oh, oh, oh
Oh, oh, oh
'Cause we were both young when I first saw you163EmbedShare URLCopyEmbedCopy"
Taylor Swift,evermore,"Gray November
I've been down since July
Motion capture
Put me in a bad light
I replay my footsteps on each stepping stone
Trying to find the one where I went wrong
Writing letters
Addressed to the fire

And I was catching my breath
Staring out an open window
Catching my death
And I couldn't be sure
I had a feeling so peculiar
That this pain would be for
Evermore

Hey December
Guess I'm feeling unmoored
Can't remember
What I used to fight for
I rewind thе tape, but all it does is pause
On thе very moment all was lost
Sending signals
To be double-crossed
And I was catching my breath
Barefoot in the wildest winter
Catching my death
And I couldn't be sure
I had a feeling so peculiar
That this pain would be for
Evermore
(Evermore)

Can't not think of all the cost
And the things that will be lost
Oh, can we just get a pause?
To be certain, we'll be tall again
Whether weather be the frost
Or the violence of the dog days
I'm on waves, out being tossed
Is there a line that I could just go cross?

And when I was shipwrecked (Can't think of all the cost)
I thought of you (All the things that will be lost now)
In the cracks of light (Can we just get a pause?)
I dreamed of you (To be certain we'll be tall again, if you think of all the costs)
It was real enough (Whether weather be the frost)
To get me through (Or the violence of the dog days)
(Or the violence of the dog days)
(Out on waves, being tossed)
(I'm on waves, out being tossed)
I swear (Is there a line that we can just go cross?)
You were there
And I was catching my breath
Floors of a cabin creaking under my step
And I couldn't be sure
I had a feeling so peculiar
This pain wouldn't be for
Evermore
Evermore
Evermore
This pain wouldn't be for evermore
Evermore42EmbedShare URLCopyEmbedCopy"
Taylor Swift,Gorgeous,"Gorgeous

You should take it as a compliment
That I got drunk and made fun of the way you talk
You should think about the consequence
Of your magnetic field being a little too strong
And I got a boyfriend, he's older than us
He's in the club doin' I don't know what
You're so cool, it makes me hate you so much
(I hate you so much)

Whisky on ice, Sunset and Vine
You've ruined my life by not being mine

You're so gorgeous
I can't say anything to your face
'Cause look at your face (Gorgeous)
And I'm so furious
At you for making me feel this way
But what can I say?
You're gorgeous
You should take it as a compliment
That I'm talking to everyone here but you (But you, but you)
And you should think about the consequence
Of you touching my hand in a darkened room (Dark room, dark room)
If you've got a girlfriend, I'm jealous of her
But if you're single that's honestly worse
'Cause you're so gorgeous it actually hurts (Honey, it hurts)

Ocean blue eyes looking in mine
I feel like I might sink and drown and die

You're so gorgeous
I can't say anything to your face (To your face)
'Cause look at your face (Look at your face, gorgeous)
And I'm so furious
At you for making me feel this way (Feel this way)
But what can I say?
You're gorgeous

You make me so happy it turns back to sad
There's nothing I hate more than what I can't have
And you are so gorgeous it makes me so mad (Mmh)
You make me so happy it turns back to sad (Yeah)
There's nothing I hate more than what I can't have and
Guess I'll just stumble on home to my cats (Yeugh), alone
Unless, you wanna come along? (Oh)
You're so gorgeous
I can't say anything to your face (To your face)
'Cause look at your face (Look at your face, gorgeous)
And I'm so furious (I'm so furious)
At you for making me feel this way (Feel this way)
But what can I say? (I say)
You're gorgeous

You make me so happy it turns back to sad (Yeah)
There's nothing I hate more than what I can't have
And you are so gorgeous it makes me so mad (Mmh)
You're gorgeous
You make me so happy it turns back to sad (It turns back to sad)
There's nothing I hate more than what I can't have (What I can have)
You are so gorgeous it makes me so mad (Mmh)
You're gorgeous78EmbedShare URLCopyEmbedCopy"
Taylor Swift,happiness,"Honey, when I'm above the trees
I see this for what it is
But now I'm right down in it, all the years I've given
Is just shit we're dividin' up
Showed you all of my hiding spots
I was dancing when the music stopped
And in the disbelief, I can't face reinvention
I haven't met the new me yet

There'll be happiness after you
But there was happiness because of you
Both of these things can be true
There is happiness

Past the blood and bruise
Past the curses and cries
Beyond the terror in the nightfall
Haunted by the look in my eyes
That would've loved you for a lifetime
Leave it all behind
And there is happiness

Tell me, when did your winning smile
Begin to look like a smirk?
When did all our lessons start to look like weapons
Pointed at my deepest hurt?
I hope she'll be a beautiful fool
Who takes my spot next to you
No, I didn't mean that
Sorry, I can't see facts through all of my fury
You haven't met the new me yet
There'll be happiness after me
But there was happiness because of me
Both of these things, I believe
There is happiness

In our history, across our great divide
There is a glorious sunrise
Dappled with the flickers of light
From the dress I wore at midnight, leave it all behind
And there is happiness

I can't make it go away by making you a villain
I guess it's the price I paid for seven years in Heaven
And I pulled your body into mine
Every goddamn night, now I get fake niceties
No one teaches you what to do
When a good man hurts you
And you know you hurt him too

Honey, when I'm above the trees
I see it for what it is
But now my eyes leak acid rain on the pillow where you used to lay your head
After giving you the best I had
Tell me what to give after that
All you want from me now is the green light of forgiveness
You haven't met the new me yet
And I think she'll give you that
There'll be happiness after you
But there was happiness because of you too
Both of these things can be true
There is happiness

In our history, across our great divide
There is a glorious sunrise
Dappled with the flickers of light
From the dress I wore at midnight, leave it all behind
Oh, leave it all behind
Leave it all behind
And there is happiness32EmbedShare URLCopyEmbedCopy"
Taylor Swift,peace,"Our coming-of-age has come and gone
Suddenly this summer, it's clear
I never had the courage of my convictions
As long as danger is near
And it's just around the corner, darlin'
'Cause it lives in me
No, I could never give you peace

But I'm a fire and I'll keep your brittle heart warm
If your cascade, ocean wave blues come
All these people think love's for show
But I would die for you in secret
The devil's in the details, but you got a friend in me
Would it be enough if I could never give you peace?

Your integrity makes me seem small
You paint dreamscapes on the wall
I talk shit with my friends, it's like I'm wasting your honor
And you know that I'd swing with you for the fences
Sit with you in the trenches
Give you my wild, give you a child
Give you the silence that only comes when two people understand each other
Family that I chose, now that I see your brother as my brother
Is it enough?
But there's robbers to the east, clowns to the west
I'd give you my sunshine, give you my best
But the rain is always gonna come if you're standin' with me
But I'm a fire and I'll keep your brittle heart warm
If your cascade, ocean wave blues come
All these people think love's for show
But I would die for you in secret
The devil's in the details, but you got a friend in me
Would it be enough if I could never give you peace?
Would it be enough if I could never give you peace?
Would it be enough if I could never give you peace?42EmbedShare URLCopyEmbedCopy"
Taylor Swift,mad woman,"What did you think I'd say to that?
Does a scorpion sting when fighting back?
They strike to kill, and you know I will
You know I will
What do you sing on your drive home?
Do you see my face in the neighbor's lawn?
Does she smile?
Or does she mouth, ""Fuck you forever""?

Every time you call me crazy, I get more crazy
What about that?
And when you say I seem angry, I get more angry

And there's nothing like a mad woman
What a shame she went mad
No one likes a mad woman
You made her like that
And you'll poke that bear 'til her claws come out
And you find something to wrap your noose around
And there's nothing like a mad woman

Now I breathe flames each time I talk
My cannons all firin' at your yacht
They say ""move on,"" but you know I won't
And women like hunting witches too
Doing your dirtiest work for you
It's obvious that wanting me dead
Has really brought you two together
Every time you call me crazy, I get more crazy
What about that?
And when you say I seem angry, I get more angry

And there's nothing like a mad woman
What a shame she went mad
No one likes a mad woman
You made her like that
And you'll poke that bear 'til her claws come out
And you find something to wrap your noose around
And there's nothing like a mad woman

I'm taking my time, taking my time
'Cause you took everything from me
Watching you climb, watching you climb
Over people like me
The master of spin has a couple side flings
Good wives always know
She should be mad, should be scathing like me, but

No one likes a mad woman
What a shame she went mad
You made her like that28EmbedShare URLCopyEmbedCopy"
Taylor Swift,mirrorball,"I want you to know
I'm a mirrorball
I'll show you every version of yourself tonight
I'll get you out on the floor
Shimmering beautiful
And when I break, it's in a million pieces

Hush, when no one is around, my dear
You'll find me on my tallest tiptoes
Spinning in my highest heels, love
Shining just for you
Hush, I know they said the end is near
But I'm still on my tallest tiptoes
Spinning in my highest heels, love
Shining just for you

I want you to know
I'm a mirrorball
I can change everything about me to fit in
You are not like the regulars
The masquerade revelers
Drunk as they watch my shattered edges glisten
Hush, when no one is around, my dear
You'll find me on my tallest tiptoes
Spinning in my highest heels, love
Shining just for you
Hush, I know they said the end is near
But I'm still on my tallest tiptoes
Spinning in my highest heels, love
Shining just for you

And they called off the circus, burned the disco down
When they sent home the horses and the rodeo clowns
I'm still on that tightrope
I'm still trying everything to get you laughing at me
And I'm still a believer, but I don't know why
I've never been a natural, all I do is try, try, try
I'm still on that trapeze
I'm still trying everything to keep you looking at me

Because I'm a mirrorball
I'm a mirrorball
And I'll show you every version of yourself tonight49EmbedShare URLCopyEmbedCopy"
Taylor Swift,tolerate it,"I sit and watch you reading with your head low
I wake and watch you breathing with your eyes closed
I sit and watch you
I notice everything you do or don't do
You're so much older and wiser, and I

I wait by the door like I'm just a kid
Use my best colors for your portrait
Lay the table with the fancy shit
And watch you tolerate it
If it's all in my head, tell me now
Tell me I've got it wrong somehow
I know my love should be celebrated
But you tolerate it

I greet you with a battle hero's welcome
I take your indiscretions all in good fun
I sit and listеn, I polish plates until they gleam and glistеn
You're so much older and wiser and I

I wait by the door like I'm just a kid
Use my best colors for your portrait
Lay the table with the fancy shit
And watch you tolerate it
If it's all in my head, tell me now
Tell me I've got it wrong somehow
I know my love should be celebrated
But you tolerate it
While you were out building other worlds, where was I?
Where's that man who'd throw blankets over my barbed wire?
I made you my temple, my mural, my sky
Now I'm begging for footnotes in the story of your life
Drawing hearts in the byline
Always taking up too much space or time
You assume I'm fine, but what would you do if I

Break free and leave us in ruins
Took this dagger in me and removed it
Gain the weight of you, then lose it
Believe me, I could do it
If it's all in my head, tell me now
Tell me I've got it wrong somehow
I know my love should be celebrated
But you tolerate it

I sit and watch you47EmbedShare URLCopyEmbedCopy"
Taylor Swift,The Man,"I would be complex, I would be cool
They'd say I played the field before I found someone to commit to
And that would be okay for me to do
Every conquest I had made would make me more of a boss to you

I’d be a fearless leader
I'd be an alpha type
When everyone believes ya
What's that like?

I’m so sick of running as fast as I can
Wondering if I'd get there quicker if I was a man
And I'm so sick of them coming at me again
'Cause if I was a man, then I'd be the man
I'd be the man
I'd be the man

They'd say I hustled, put in the work
They wouldn’t shake their heads and question how much of this I deserve
What I was wearing, if I was rude
Could all be separated from my good ideas and power moves
And they would toast to me, oh, let the players play
I’d be just like Leo in Saint-Tropez

I'm so sick of running as fast as I can
Wondering if I’d get there quicker if I was a man
And I'm so sick of them coming at me again
'Cause if I was a man, then I'd be the man
I’d be the man
I'd be the man

What's it like to brag about raking in dollars
And getting bitches and models?
And it's all good if you're bad
And it's okay if you're mad
If I was out flashing my dollars
I'd be a bitch, not a baller
They'd paint me out to be bad
So, it's okay that I'm mad

I'm so sick of running as fast as I can
Wondering if I'd get there quicker if I was a man (You know that)
And I'm so sick of them coming at me again (Coming at me again)
'Cause if I was a man (If I was a man)
Then I'd be the man (Then I'd be the man)
I'm so sick of running as fast as I can (As fast as I can)
Wondering if I'd get there quicker if I was a man (Hey)
And I'm so sick of them coming at me again (Coming at me again)
'Cause if I was a man (If I was a man), then I'd be the man
I'd be the man
I'd be the man (Oh)
I'd be the man (Yeah)
I'd be the man (I'd be the man)
If I was a man, then I'd be the man63EmbedShare URLCopyEmbedCopy"
Taylor Swift,Don't Blame Me,"Don't blame me, love made me crazy
If it doesn't, you ain't doin' it right
Lord, save me, my drug is my baby
I'll be usin' for the rest of my life

I've been breakin' hearts a long time
And toyin' with them older guys
Just playthings for me to use
Something happened for the first time
In the darkest little paradise
Shakin', pacin', I just need you

For you, I would cross the line
I would waste my time
I would lose my mind
They say, ""She's gone too far this time""

Don't blame me, love made me crazy
If it doesn't, you ain't doin' it right
Lord, save me, my drug is my baby
I'll be usin' for the rest of my life
Don't blame me, love made me crazy
If it doesn't, you ain't doin' it right
Oh, Lord, save me, my drug is my baby
I'll be usin' for the rest of my life
My name is whatever you decide
And I'm just gonna call you mine
I'm insane, but I'm your baby (Your baby)
Echoes of your name inside my mind
Halo hiding my obsession
I once was poison ivy, but now I'm your daisy

And baby, for you, I would fall from grace
Just to touch your face
If you walk away, I'd beg you on my knees to stay

Don't blame me, love made me crazy
If it doesn't, you ain't doin' it right
Lord, save me, my drug is my baby
I'll be usin' for the rest of my life
Don't blame me, love made me crazy
If it doesn't, you ain't doin' it right
Oh, Lord, save me, my drug is my baby
I'll be usin' for the rest of my life

I get so high, oh!
Every time you're, every time you're lovin' me
You're lovin' me
Trip of my life, oh!
Every time you're, every time you're touchin' me
You're touchin' me
Every time you're, every time you're lovin' me
Oh, Lord, save me
My drug is my baby
I'll be usin' for the rest of my life
(Usin' for the rest of my life, oh-whoah-oh-oh)
Don't blame me, love made me crazy
If it doesn't, you ain't doin' it right (Doin' it right, no)
Lord, save me, my drug is my baby
I'll be usin' for the rest of my life, oh-oh
Don't blame me, love made me crazy (Oh-oh-oh)
If it doesn't, you ain't doin' it right (You ain't doin' it right)
Oh, Lord, save me, my drug is my baby
I'll be usin' for the rest of my life (I'll be usin', I'll be usin')

I get so high, oh!
Every time you're, every time you're lovin' me
You're lovin' me
Oh, Lord, save me, my drug is my baby
I'll be usin' for the rest of my life79EmbedShare URLCopyEmbedCopy"
Taylor Swift,I Did Something Bad,"I never trust a narcissist, but they love me
So I play 'em like a violin
And I make it look oh-so-easy
'Cause for every lie I tell them, they tell me three
This is how the world works
Now all he thinks about is me

I can feel the flames on my skin
Crimson red paint on my lips
If a man talks shit, then I owe him nothing
I don't regret it one bit, 'cause he had it coming

They say I did something bad
Then why's it feel so good?
They say I did something bad
But why's it feel so good?
Most fun I ever had
And I'd do it over and over and over again if I could
It just felt so good, good

Ra-di-di-di-di-di-di-di-di-di-da-da
Ra-di-di-di-di-di-di-di-di-di-da-da
Ra-di-di-di-di-di-di-di-di-di-da-da
Da-da da-da
I never trust a playboy, but they love me
So I fly 'em all around the world
And I let them think they saved me
They never see it comin', what I do next
This is how the world works
You gotta leave before you get left

I can feel the flames on my skin
He says, ""Don't throw away a good thing""
But if he drops my name, then I owe him nothin'
And if he spends my change, then he had it comin'

They say I did something bad (Oh)
Then why's it feel so good?
They say I did something bad
But why's it feel so good?
Most fun I ever had
And I'd do it over and over and over again if I could
It just felt so good, good

Ra-di-di-di-di-di-di-di-di-di-da-da
Ra-di-di-di-di-di-di-di-di-di-da-da
(It just felt so good)
Ra-di-di-di-di-di-di-di-di-di-da-da
Da-da da-da
They're burning all the witches even if you aren't one
They got their pitchforks and proof, their receipts and reasons
They're burning all the witches even if you aren't one
So light me up (Light me up), light me up (Light me up)
Light me up, go ahead and light me up (Light me up)
Light me up (Light me up), light me up (Light me up)
Light me up (Light me up), light me up

They say I did something bad (Oh)
Then why's it feel so good? (So good)
They say I did something bad
But why's it feel so (Good) good?
Most fun I ever had (Most fun I ever had)
And I'd do it over and over and over again if I could
It just felt so good (Good), good

Ra-di-di-di-di-di-di-di-di-di-da-da
Ra-di-di-di-di-di-di-di-di-di-da-da
Ra-di-di-di-di-di-di-di-di-di-da-da
Da-da da-da

Oh, you say I did something bad
(You say I did something bad?)
Why's it feel so good, good?
So bad, why's it feel so good?
Why's it feel, why's it feel so good? (Bad)
It just felt so good, good85EmbedShare URLCopyEmbedCopy"
Taylor Swift,Dress,"Our secret moments in a crowded room
They got no idea about me and you
There is an indentation in the shape of you
Made your mark on me, a golden tattoo

All of this silence and patience, pining and anticipation
My hands are shaking from holding back from you
Ha, ah, ah
All of this silence and patience, pining and desperately waiting
My hands are shaking from all this
Ah, ha, ha, ha-ah

Say my name and everything just stops
I don't want you like a best friend
Only bought this dress so you could take it off
Take it oh, ha, ha, ha-ah
Carve your name into my bedpost
’Cause I don't want you like a best friend
Only bought this dress so you could take it off
Take it oh, ha, ha, ha-ah

Inescapable, I'm not even gonna try
And if I get burned, at least we were electrified
I’m spilling wine in the bathtub
You kiss my face and we're both drunk
Everyone thinks that they know us
But they know nothing about—
All of this silence and patience, pining and anticipation
My hands are shaking from holding back from you
Ha, ah, ah
All of this silence and patience, pining and desperately waiting
My hands are shaking from all this
Ah, ha, ha, ha-ah

Say my name and everything just stops
I don't want you like a best friend
Only bought this dress so you could take it off
Take it oh, ha, ha, ha-ah
Carve your name into my bedpost
'Cause I don't want you like a best friend
Only bought this dress so you could take it off
Take it oh, ha, ha...

Ha-ah-ah, ha-ah-ah, ha-ah-ah-ah
Only bought this dress so you could take it off
Ha-ah-ah, ha-ah-ah, ha-ah-ah-ah
Only bought this dress so you could take it off

Flashback when you met me
Your buzzcut and my hair bleached
Even in my worst times, you could see the best in me
Flashback to my mistakes
My rebounds, my earthquakes
Even in my worst lies, you saw the truth in me
And I woke up just in time
Now I wake up by your side
My one and only, my lifeline
I woke up just in time
Now I wake up by your side
My hands shake, I can't explain this
Ah, ha, ha, ha-ah
Say my name and everything just stops...
I don't want you like a best friend
Only bought this dress so you could take it off
Take it oh, ha, ha, ha-ah
Carve your name into my bedpost
'Cause I don’t want you like a best friend
Only bought this dress so you could take it off
Take it oh, ha, ha, ha-ah

There is an indentation in the shape of you
Only bought this dress so you could take it off
You made your mark on me, golden tattoo
Only bought this dress so you could take it off38EmbedShare URLCopyEmbedCopy"
Taylor Swift,"no body, no crime","He did it
He did it

Este's a friend of mine
We meet up every Tuesday night for dinner and a glass of wine
Este's been losin' sleep
Her husband's actin' different, and it smells like infidelity
She says, ""That ain't my Merlot on his mouth
That ain't my jewelry on our joint account""
No, there ain't no doubt
I think I'm gonna call him out

She says, ""I think he did it, but I just can't prove it""
I think he did it, but I just can't prove it
I think he did it, but I just can't prove it
No, no body, no crime
But I ain't lettin' up until the day I die

No, no
I think he did it
No, no
He did it
Este wasn't there Tuesday night at Olive Gardеn
At her job or anywhere
Hе reports his missing wife
And I noticed when I passed his house
His truck has got some brand new tires
And his mistress moved in
Sleeps in Este's bed and everything
No, there ain't no doubt
Somebody's gotta catch him out, 'cause

I think he did it, but I just can't prove it (He did it)
I think he did it, but I just can't prove it (He did it)
I think he did it, but I just can't prove it
No, no body, no crime
But I ain't lettin' up until the day I die

No, no
I think he did it
No, no
He did it

Good thing my daddy made me get a boating license when I was fifteen
And I've cleaned enough houses to know how to cover up a scene
Good thing Este's sister's gonna swear she was with me
(She was with me, dude)
Good thing his mistress took out a big life insurance policy
They think she did it, but they just can't prove it
They think she did it, but they just can't prove it
She thinks I did it, but she just can't prove it

No, no body, no crime
I wasn't lettin' up until the day he—
No, no body, no crime
I wasn't lettin' up until the day he—
No, no body, no crime
I wasn't lettin' up until the day he died60EmbedShare URLCopyEmbedCopy"
Taylor Swift,ivy,"How's one to know?
I'd meet you where the spirit meets the bones
In a faith-forgotten land
In from the snow
Your touch brought forth an incandescent glow
Tarnished but so grand

And the old widow goes to the stone every day
But I don't, I just sit here and wait
Grieving for the living

Oh, goddamn
My pain fits in the palm of your freezing hand
Taking mine, but it's been promised to another
Oh, I can't
Stop you putting roots in my dreamland
My house of stone, your ivy grows
And now I'm covered in you

I wish to know
The fatal flaw that makes you long to be
Magnificently cursed
He's in the room
Your opal eyes are all I wish to see
He wants what's only yours
Oh, goddamn
My pain fits in the palm of your freezing hand
Taking mine, but it's been promised to another
Oh, I can't
Stop you putting roots in my dreamland
My house of stone, your ivy grows
And now I'm covered

Clover blooms in the fields
Spring breaks loose, the time is near
What would he do if he found us out?
Crescent moon, coast is clear
Spring breaks loose, but so does fear
He's gonna burn this house to the ground
How's one to know?
I'd live and die for moments that we stole
On begged and borrowed time
So tell me to run
Or dare to sit and watch what we'll become
And drink my husband's wine

Oh, goddamn
My pain fits in the palm of your freezing hand
Taking mine, but it's been promised to another
Oh, I can't
Stop you putting roots in my dreamland
My house of stone, your ivy grows
And now I'm covered in you
And I'm covered in you
So yeah, it's a fire
It's a goddamn blaze in the dark
And you started it
You started it
So yeah, it's a war
It's the goddamn fight of my life
And you started it
You started it

Oh, I can't
Stop you putting roots in my dreamland
My house of stone, your ivy grows
And now I'm covered
In you, in you
Now I'm covered in you
In you37EmbedShare URLCopyEmbedCopy"
Taylor Swift,gold rush,"Gleaming, twinkling
Eyes like sinking ships on waters
So inviting, I almost jump in

But I don't like a gold rush, gold rush
I don't like anticipatin' my face in a red flush
I don't like that anyone would die to feel your touch
Everybody wants you
Everybody wonders what it would be like to love you
Walk past, quick brush
I don't like slow motion, double vision in rose blush
I don't like that falling feels like flying 'til the bone crush
Everybody wants you
But I don't like a gold rush

What must it be like to grow up that beautiful?
With your hair falling into place like dominoes
I see me padding across your wooden floors
With my Eagles t-shirt hanging from the door

At dinner parties, I call you out on your contrarian shit
And the coastal town we wandered 'round had nеver seen a love as pure as it
And thеn it fades into the gray of my day-old tea
'Cause it could never be
'Cause I don't like a gold rush, gold rush
I don't like anticipatin' my face in a red flush
I don't like that anyone would die to feel your touch
Everybody wants you
Everybody wonders what it would be like to love you
Walk past, quick brush
I don't like slow motion, double vision in rose blush
I don't like that falling feels like flying 'til the bone crush
Everybody wants you
But I don't like a gold rush

What must it be like to grow up that beautiful?
With your hair falling into place like dominoes
My mind turns your life into folklore
I can't dare to dream about you anymore

At dinner parties I won't call you out on your contrarian shit
And the coastal town we never found will never see a love as pure as it
'Cause it fades into the gray of my day-old tea
'Cause it will never be

Gleaming, twinkling
Eyes like sinking ships on waters
So inviting, I almost jump in35EmbedShare URLCopyEmbedCopy"
Taylor Swift,hoax,"My only one
My smoking gun
My eclipsed sun
This has broken me down
My twisted knife
My sleepless night
My winless fight
This has frozen my ground

Stood on the cliffside screaming, ""Give me a reason""
Your faithless love's the only hoax I believe in
Don't want no other shade of blue but you
No other sadness in the world would do
My best laid plan
Your sleight of hand
My barren land
I am ash from your fire

Stood on the cliffside screaming, ""Give me a reason""
Your faithless love's the only hoax I believe in
Don't want no other shade of blue but you
No other sadness in the world would do
You know I left a part of me back in New York
You knew the hero died so what's the movie for?
You knew it still hurts underneath my scars
From when they pulled me apart
You knew the password so I let you in the door
You knew you won so what's the point of keeping score?
You knew it still hurts underneath my scars
From when they pulled me apart
But what you did was just as dark
(Ah, ah, ah)
Darling, this was just as hard
As when they pulled me apart

My only one
My kingdom come undone
My broken drum
You have beaten my heart
Don't want no other shade of blue but you
No other sadness in the world would do38EmbedShare URLCopyEmbedCopy"
Taylor Swift,Getaway Car,"No, nothing good starts in a getaway car

It was the best of times, the worst of crimes
I struck a match and blew your mind
But I didn't mean it
And you didn’t see it
The ties were black, the lies were white
In shades of gray in candlelight
I wanted to leave him
I needed a reason

""X"" marks the spot where we fell apart
He poisoned the well, I was lyin' to myself
I knew it from the first Old Fashioned, we were cursed
We never had a shotgun shot in the dark (Oh!)

You were drivin' the getaway car
We were flyin’, but we'd never get far
Don't pretend it's such a mystery
Think about the place where you first met me
Ridin' in a getaway car
There were sirens in the beat of your heart
Should've known I'd be the first to leave
Think about the place where you first met me
In a getaway car, oh-oh-oh
No, they never get far, oh-oh-ahh
No, nothing good starts in a getaway car
It was the great escape, the prison break
The light of freedom on my face
But you weren't thinkin’
And I was just drinkin’
While he was runnin' after us, I was screamin’, ""Go, go, go!""
But with three of us, honey, it's a sideshow
And a circus ain't a love story
And now we're both sorry (We’re both sorry)

""X"" marks the spot where we fell apart
He poisoned the well, every man for himself
I knew it from the first Old Fashioned, we were cursed
It hit you like a shotgun shot to the heart (Oh!)

You were drivin' the getaway car
We were flyin', but we'd never get far
Don't pretend it's such a mystery
Think about the place where you first met me
Ridin' in a getaway car
There were sirens in the beat of your heart
Should've known I'd be the first to leave
Think about the place where you first met me
In a getaway car, oh-oh-oh
No, they never get far, oh-oh-ahh
No, nothing good starts in a getaway car
We were jet-set, Bonnie and Clyde (Oh-oh)
Until I switched to the other side
To the other side
It's no surprise I turned you in (Oh-oh)
'Cause us traitors never win
I'm in a getaway car
I left you in a motel bar
Put the money in a bag and I stole the keys
That was the last time you ever saw me (Oh!)

Drivin' the getaway car
We were flyin', but we'd never get far (Don't pretend)
Don't pretend it's such a mystery
Think about the place where you first met me
Ridin' in a getaway car
There were sirens in the beat of your heart (Should've known)
Should've known I'd be the first to leave
Think about the place where you first met me
In a getaway car, oh-oh-oh
No, they never get far, oh-oh-ahh
No, nothing good starts in a getaway car

I was ridin' in a getaway car
I was cryin' in a getaway car
I was dyin' in a getaway car
Said goodbye in a getaway car
Ridin' in a getaway car
I was cryin' in a getaway car
I was dyin' in a getaway car
Said goodbye in a getaway car90EmbedShare URLCopyEmbedCopy"
Taylor Swift,All Too Well,"I walked through the door with you, the air was cold
But something 'bout it felt like home somehow
And I left my scarf there at your sister's house
And you've still got it in your drawer, even now

Oh, your sweet disposition and my wide-eyed gaze
We're singing in the car, getting lost upstate
Autumn leaves falling down like pieces into place
And I can picture it after all these days

And I know it's long gone and
That magic's not here no more
And I might be okay, but I'm not fine at all
Oh, oh, oh

'Cause there we are again on that little town street
You almost ran the red 'cause you were lookin' over at me
Wind in my hair, I was there
I remember it all too well

Photo album on the counter, your cheeks were turning red
You used to be a little kid with glasses in a twin-sized bed
And your mother's telling stories 'bout you on the tee-ball team
You tell me 'bout your past, thinking your future was me
And I know it's long gone and
There was nothing else I could do
And I forget about you long enough
To forget why I needed to

'Cause there we are again in the middle of the night
We're dancing ‘round the kitchen in the refrigerator light
Down the stairs, I was there
I remember it all too well, yeah

Maybe we got lost in translation
Maybe I asked for too much
But maybe this thing was a masterpiece
'Til you tore it all up
Running scared, I was there
I remember it all too well
And you call me up again
Just to break me like a promise
So casually cruel in the name of being honest
I'm a crumpled up piece of paper lying here
'Cause I remember it all, all, all
Too well
Time won't fly, it's like I'm paralyzed by it
I'd like to be my old self again, but I'm still trying to find it
After plaid shirt days and nights when you made me your own
Now you mail back my things and I walk home alone
But you keep my old scarf from that very first week
'Cause it reminds you of innocence and it smells like me
You can't get rid of it
'Cause you remember it all too well, yeah

'Cause there we are again when I loved you so
Back before you lost the one real thing you've ever known
It was rare, I was there
I remember it all too well

Wind in my hair, you were there
You remember it all
Down the stairs, you were there
You remember it all
It was rare, I was there
I remember it all too well122EmbedShare URLCopyEmbedCopy"
Taylor Swift,epiphany,"Keep your helmet, keep your life, son
Just a flesh wound, here's your rifle
Crawling up the beaches now
""Sir, I think he's bleeding out""
And some things you just can't speak about

With you I serve, with you I fall down, down
Watch you breathe in, watch you breathing out, out

Something med school did not cover
Someone's daughter, someone's mother
Holds your hand through plastic now
""Doc, I think she's crashing out""
And some things you just can't speak about

Only twenty minutes to sleep
But you dream of some epiphany
Just one single glimpse of relief
To make some sense of what you've seen

With you I serve, with you I fall down, down (Down)
Watch you breathe in, watch you breathing out, out
With you I serve (With you I serve), with you I fall down (Down), down (Down)
Watch you breathe in (Watch you breathe in), watch you breathing out (Out), out (Out)
Only twenty minutes to sleep
But you dream of some epiphany
Just one single glimpse of relief
To make some sense of what you've seen53EmbedShare URLCopyEmbedCopy"
Taylor Swift,The Archer,"Combat, I'm ready for combat
I say I don't want that, but what if I do?
'Cause cruelty wins in the movies
I've got a hundred thrown-out speeches I almost said to you

Easy they come, easy they go
I jump from the train, I ride off alone
I never grew up, it's getting so old
Help me hold on to you

I've been the archer, I've been the prey
Who could ever leave me, darling
But who could stay?

Dark side, I search for your dark side
But what if I'm alright, right, right, right here?
And I cut off my nose just to spite my face
Then I hate my reflection for years and years

I wake in the night, I pace like a ghost
The room is on fire, invisible smoke
And all of my heroes die all alone
Help me hold on to you
I've been the archer, I've been the prey
Screaming, who could ever leave me, darling
But who could stay?
(I see right through me, I see right through me)

'Cause they see right through me
They see right through me
They see right through
Can you see right through me?
They see right through
They see right through me
I see right through me
I see right through me

All the king's horses, all the king's men
Couldn't put me together again
'Cause all of my enemies started out friends
Help me hold on to you

I've been the archer, I've been the prey
Who could ever leave me, darling
But who could stay?
(I see right through me, I see right through me)
Who could stay?
Who could stay?
Who could stay?
You could stay
You could stay
Combat, I'm ready for combat59EmbedShare URLCopyEmbedCopy"
Taylor Swift,Mr. Perfectly Fine (Taylors Version) [From the Vault],"Mr. ""Perfect face""
Mr. ""Here to stay""
Mr. ""Looked me in the eye and told me you would never go away""
Everything was right
Mr. ""I've been waitin' for you all my life""
Mr. ""Every single day until the end, I will be by your side""

But that was when I got to know Mr. ""Change of heart""
Mr. ""Leaves me all alone,"" I fall apart
It takes everything in me just to get up each day
But it's wonderful to see that you're okay

Hello, Mr. ""Perfectly fine""
How's your heart after breakin' mine?
Mr. ""Always at the right place at the right time,"" baby
Hello, Mr. ""Casually cruel""
Mr. ""Everything revolves around you""
I've been Miss Misery since your goodbye
And you're Mr. ""Perfectly fine""

Mr. ""Never told me why""
Mr. ""Never had to see me cry""
Mr. ""Insincere apology so he doesn't look like the bad guy""
He goes about his day
Forgets he ever even heard my name
Well, I thought you might be different than the rest, I guess you're all the same
'Cause I hear he's got his arm 'round a brand-new girl
I've been pickin' up my heart, he's been pickin' up her
And I never got past what you put me through
But it's wonderful to see that it never fazed you

Hello, Mr. ""Perfectly fine""
How's your heart after breakin' mine?
Mr. ""Always at the right place at the right time,"" baby
Hello, Mr. ""Casually cruel""
Mr. ""Everything revolves around you""
I've been Miss Misery since your goodbye
And you're Mr. ""Perfectly fine""

So dignified in your well-pressed suit
So strategized, all the eyes on you
Sashay your way to your seat
It's the best seat, in the best room
Oh, he's so smug, Mr. ""Always wins""
So far above me in every sense
So far above feeling anything

And it's really such a shame
It's such a shame
'Cause I was Miss ""Here to stay""
Now I'm Miss ""Gonna be alright someday""
And someday maybe you'll miss me
But by then, you'll be Mr. ""Too late""
Goodbye, Mr. ""Perfectly fine""
How's your heart after breakin' mine?
Mr. ""Always at the right place at the right time,"" baby
Goodbye, Mr. ""Casually cruel""
Mr. ""Everything revolves around you""
I've been Miss Misery for the last time
And you're Mr. ""Perfectly fine""

You're perfectly fine
Mr. ""Look me in the eye and told me you would never go away""
You said you'd never go away65EmbedShare URLCopyEmbedCopy"
Taylor Swift,Miss Americana & The Heartbreak Prince,"You know I adore you, I'm crazier for you
Than I was at 16, lost in a film scene
Waving homecoming queens, marching band playing
I'm lost in the lights
American glory faded before me
Now I'm feeling hopeless, ripped up my prom dress
Running through rose thorns, I saw the scoreboard
And ran for my life (Ah)

No cameras catch my pageant smile
I counted days, I counted miles
To see you there, to see you there
It's been a long time coming, but

It's you and me, that's my whole world
They whisper in the hallway, ""She's a bad, bad girl"" (Okay)
The whole school is rolling fake dice
You play stupid games, you win stupid prizes
It's you and me, there's nothing like this
Miss Americana and The Heartbreak Prince (Okay)
We're so sad, we paint the town blue
Voted most likely to run away with you
My team is losing, battered and bruising
I see the high fives between the bad guys
Leave with my head hung, you are the only one
Who seems to care
American stories burning before me
I'm feeling helpless, the damsels are depressed
Boys will be boys then, where are the wise men?
Darling, I'm scared (Ah)

No cameras catch my muffled cries
I counted days, I counted miles
To see you there, to see you there
And now the storm is coming, but

It's you and me, that's my whole world
They whisper in the hallway, ""She's a bad, bad girl"" (Okay)
The whole school is rolling fake dice
You play stupid games, you win stupid prizes
It's you and me, there's nothing like this
Miss Americana and The Heartbreak Prince (Okay)
We're so sad, we paint the town blue
Voted most likely to run away with you
And I don't want you to (Go), I don't really wanna (Fight)
'Cause nobody's gonna (Win), I think you should come home
And I don't want you to (Go), I don't really wanna (Fight)
'Cause nobody's gonna (Win), I think you should come home
And I don't want you to (Go), I don't really wanna (Fight)
'Cause nobody's gonna (Win), just thought you should know
And I'll never let you (Go) 'cause I know this is a (Fight)
That someday we're gonna (Win)

It's you and me, that's my whole world
They whisper in the hallway, ""She's a bad, bad girl""
Oh, I just thought you should know (You should know)
It's you and me, there's nothing like this (Like this)
Miss Americana and The Heartbreak Prince (Okay)
We're so sad, we paint the town blue (Paint it blue)
Voted most likely to run away with you

And I don't want you to (Go), I don't really wanna (Fight)
'Cause nobody's gonna (Win), I think you should come home
And I'll never let you (Go) 'cause I know this is a (Fight)
That someday we're gonna (Win), just thought you should know

It's you and me, that's my whole world
They whisper in the hallway, ""She's a bad, bad girl""
""She's a bad, bad girl""74EmbedShare URLCopyEmbedCopy"
Taylor Swift,London Boy,"We can go driving in, on my scooter
Uh, you know, just 'round London
Oh, I'd...

I love my hometown as much as Motown, I love SoCal
And you know I love Springsteen, faded blue jeans, Tennessee whiskey
But something happened, I heard him laughing
I saw the dimples first and then I heard the accent
They say home is where the heart is
But that's not where mine lives

You know I love a London boy
I enjoy walking Camden Market in the afternoon
He likes my American smile, like a child when our eyes meet
Darling, I fancy you
Took me back to Highgate, met all of his best mates
So I guess all the rumors are true
You know I love a London boy
Boy, I fancy you (Ooh)

And now I love high tea, stories from Uni, and the West End
You can find me in the pub, we are watching rugby with his school friends
Show me a gray sky, a rainy cab ride
Babes, don't threaten me with a good time
They say home is where the heart is
But God, I love the English
You know I love a London boy, I enjoy nights in Brixton
Shoreditch in the afternoon
He likes my American smile, like a child when our eyes meet
Darling, I fancy you
Took me back to Highgate, met all of his best mates
So I guess all the rumors are true
You know I love a London boy
Boy, I fancy you

So please show me Hackney
Doesn't have to be Louis V up on Bond Street
Just wanna be with you
Wanna be with you
Stick with me, I'm your queen
Like a Tennessee Stella McCartney on the Heath
Just wanna be with you (Wanna be with you)
Wanna be with you (Oh)

You know I love a London boy, I enjoy walking Soho
Drinking in the afternoon (Yeah)
He likes my American smile, like a child when our eyes meet
Darling, I fancy you (You)
Took me back to Highgate, met all of his best mates
So I guess all the rumors are true (Yeah)
You know I love a London boy (Oh)
Boy (Oh), I fancy you (I fancy you, ooh)
So please show me Hackney
Doesn't have to be Louis V up on Bond Street
Just wanna be with you
I, I, I fancy you
Oh whoa, oh, I
Stick with me, I'm your queen
Like a Tennessee Stella McCartney on the Heath
Just wanna be with you (Ooh)
Wanna be with you
I fancy you (Yeah), I fancy you
Oh whoa, ah28EmbedShare URLCopyEmbedCopy"
Taylor Swift,Bad Blood,"’Cause baby, now we've got bad blood
You know it used to be mad love
So take a look what you've done
’Cause baby, now we've got bad blood, hey!
Now we've got problems
And I don't think we can solve 'em
You made a really deep cut
And baby, now we've got bad blood, hey!

Did you have to do this?
I was thinking that you could be trusted
Did you have to ruin what was shiny?
Now it's all rusted
Did you have to hit me where I'm weak?
Baby, I couldn't breathe
And rub it in so deep
Salt in the wound like you're laughing right at me

Oh, it's so sad to
Think about the good times
You and I

’Cause baby, now we've got bad blood
You know it used to be mad love
So take a look what you've done
’Cause baby, now we've got bad blood, hey!
Now we've got problems
And I don't think we can solve 'em
You made a really deep cut
And baby, now we've got bad blood, hey!
Did you think we'd be fine?
Still got scars in my back from your knives
So don't think it's in the past
These kinds of wounds they last and they last
Now, did you think it all through?
All these things will catch up to you
And time can heal, but this won't
So if you're coming my way
Just don't

Oh, it's so sad to
Think about the good times
You and I

’Cause baby, now we've got bad blood
You know it used to be mad love
So take a look what you've done
’Cause baby, now we've got bad blood, hey!
Now we've got problems
And I don't think we can solve 'em
You made a really deep cut
And baby, now we've got bad blood, hey!
Band-aids don't fix bullet holes
You say sorry just for show
If you live like that, you live with ghosts
Band-aids don't fix bullet holes
You say sorry just for show
If you live like that, you live with ghosts
If you love like that, blood runs cold!

’Cause baby, now we've got bad blood
You know it used to be mad love
So take a look what you've done
’Cause baby, now we've got bad blood, hey!
Now we've got problems
And I don't think we can solve 'em (Think we can solve 'em)
You made a really deep cut
And baby, now we've got bad blood, hey!

’Cause baby, now we've got bad blood
You know it used to be mad love
So take a look what you've done (Look what you've done)
’Cause baby, now we've got bad blood, hey!
Now we've got problems
And I don't think we can solve 'em
You made a really deep cut
And baby, now we've got bad blood, hey!360EmbedShare URLCopyEmbedCopy"
Taylor Swift,Cornelia Street,"We were in the backseat
Drunk on something stronger than the drinks in the bar
""I rent a place on Cornelia Street""
I say casually in the car
We were a fresh page on the desk
Filling in the blanks as we go
As if the street lights pointed in an arrow head
Leading us home

And I hope I never lose you, hope it never ends
I'd never walk Cornelia Street again
That's the kinda heartbreak time could never mend
I'd never walk Cornelia Street again
And baby, I get mystified by how this city screams your name
And baby, I'm so terrified of if you ever walk away
I'd never walk Cornelia Street again
I'd never walk Cornelia Street again

Windows flung right open, autumn air
Jacket 'round my shoulders is yours
We bless the rains on Cornelia Street
Memorize the creaks in the floor
Back when we were card sharks, playing games
I thought you were leading me on
I packed my bags, left Cornelia Street
Before you even knew I was gone
But then you called, showed your hand
I turned around before I hit the tunnel
Sat on the roof, you and I

I hope I never lose you, hope it never ends
I'd never walk Cornelia Street again
That's the kinda heartbreak time could never mend
I'd never walk Cornelia Street again
And baby, I get mystified by how this city screams your name
And baby, I'm so terrified of if you ever walk away
I'd never walk Cornelia Street again
I'd never walk Cornelia Street again
You hold my hand on the street
Walk me back to that apartment
Years ago, we were just inside
Barefoot in the kitchen
Sacred new beginnings
That became my religion, listen

I hope I never lose you
I'd never walk Cornelia Street again
Oh, never again
And baby, I get mystified by how this city screams your name
And baby, I'm so terrified of if you ever walk away
I'd never walk Cornelia Street again
I'd never walk Cornelia Street again
I don't wanna lose you (Hope it never ends)
I'd never walk Cornelia Street again
I don't wanna lose you (Yeah)

""I rent a place on Cornelia Street""
I say casually in the car44EmbedShare URLCopyEmbedCopy"
Taylor Swift,Wildest Dreams,"He said, ""Let's get out of this town
Drive out of this city, away from the crowds""
I thought, ""Heaven can't help me now""
Nothing lasts forever
But this is gonna take me down

He's so tall and handsome as hell
He's so bad, but he does it so well
I can see the end as it begins
My one condition is

Say you'll remember me
Standin' in a nice dress
Starin' at the sunset, babe
Red lips and rosy cheeks
Say you'll see me again
Even if it's just in your
Wildest dreams, ah, ha
Wildest dreams, ah, ha

I said, ""No one has to know what we do""
His hands are in my hair, his clothes are in my room
And his voice is a familiar sound
Nothin' lasts forever
But this is gettin' good now
He's so tall and handsome as hell
He's so bad, but he does it so well
And when we've had our very last kiss
My last request is

Say you'll remember me
Standin' in a nice dress
Starin' at the sunset, babe
Red lips and rosy cheeks
Say you'll see me again
Even if it's just in your
Wildest dreams, ah, ha (Ha, ha)
Wildest dreams, ah, ha

You'll see me in hindsight
Tangled up with you all night
Burnin' it down
Someday, when you leave me
I bet these memories
Follow you around
You'll see me in hindsight
Tangled up with you all night
Burnin' (Burnin') it (It) down (Down)
Someday, when you leave me
I bet these memories
Follow (Follow) you (You) around
(Follow you around)
Say you'll remember me
Standing in a nice dress
Starin' at the sunset, babe
Red lips and rosy cheeks
Say you'll see me again
Even if it's just pretend

Say you'll remember me
Standin' in a nice dress
Starin' at the sunset, babe
Red lips and rosy cheeks
Say you'll see me again
Even if it's just in your (Just pretend, just pretend)
Wildest dreams, ah, ha (Ah)
In your wildest dreams, ah, ha
Even if it's just in your
In your wildest dreams, ah, ha
In your wildest dreams, ah, ha264EmbedShare URLCopyEmbedCopy"
Billie Eilish,​when the party’s over,"Don't you know I'm no good for you?
I've learned to lose you, can't afford to
Tore my shirt to stop you bleedin'
But nothin' ever stops you leavin'

Quiet when I'm coming home and I'm on my own
I could lie, say I like it like that, like it like that
I could lie, say I like it like that, like it like that

Don't you know too much already?
I'll only hurt you if you let me
Call me friend, but keep me closer (Call me back)
And I'll call you when the party's over

Quiet when I'm coming home and I'm on my own
And I could lie, say I like it like that, like it like that
Yeah, I could lie, say I like it like that, like it like that

But nothin' is better sometimes
Once we've both said our goodbyes
Let's just let it go
Let me let you go

Quiet when I'm coming home and I'm on my own
I could lie, say I like it like that, like it like that
I could lie, say I like it like that, like it like that"
Billie Eilish,​bad guy,"White shirt now red, my bloody nose
Sleepin', you're on your tippy toes
Creepin' around like no one knows
Think you're so criminal
Bruises on both my knees for you
Don't say thank you or please
I do what I want when I'm wanting to
My soul? So cynical

So you're a tough guy
Like it really rough guy
Just can't get enough guy
Chest always so puffed guy
I'm that bad type
Make your mama sad type
Make your girlfriend mad tight
Might seduce your dad type
I'm the bad guy
Duh

I'm the bad guy

I like it when you take control
Even if you know that you don't
Own me, I'll let you play the role
I'll be your animal
My mommy likes to sing along with me
But she won't sing this song
If she reads all the lyrics
She'll pity the men I know

So you're a tough guy
Like it really rough guy
Just can't get enough guy
Chest always so puffed guy
I'm that bad type
Make your mama sad type
Make your girlfriend mad tight
Might seduce your dad type
I'm the bad guy
Duh

I'm the bad guy, duh
I'm only good at bein' bad, bad

I like when you get mad
I guess I'm pretty glad that you're alone
You said she's scared of me?
I mean, I don't see what she sees
But maybe it's 'cause I'm wearing your cologne

I'm a bad guy
I'm, I'm a bad guy
Bad guy, bad guy
I'm a bad"
Billie Eilish,​everything i wanted,"I had a dream
I got everything I wanted
Not what you'd think
And if I'm bein' honest
It might've been a nightmare
To anyone who might care
Thought I could fly (Fly)
So I stepped off the Golden, mm
Nobody cried (Cried, cried, cried, cried)
Nobody even noticed
I saw them standing right there
Kinda thought they might care (Might care, might care)

I had a dream
I got everything I wanted
But when I wake up, I see
You with me

And you say, ""As long as I'm here, no one can hurt you
Don't wanna lie here, but you can learn to
If I could change the way that you see yourself
You wouldn't wonder why you hear
'They don't deserve you'""

I tried to scream
But my head was underwater
They called me weak
Like I'm not just somebody's daughter
Coulda been a nightmare
But it felt like they were right there
And it feels like yesterday was a year ago
But I don't wanna let anybody know
'Cause everybody wants something from me now
And I don't wanna let 'em down

I had a dream
I got everything I wanted
But when I wake up, I see
You with me

And you say, ""As long as I'm here, no one can hurt you
Don't wanna lie here, but you can learn to
If I could change the way that you see yourself
You wouldn't wonder why you hear
'They don't deserve you'""

If I knew it all then, would I do it again?
Would I do it again?
If they knew what they said would go straight to my head
What would they say instead?
If I knew it all then, would I do it again?
Would I do it again?
If they knew what they said would go straight to my head
What would they say instead?"
Billie Eilish,​idontwannabeyouanymore,"Don't be that way
Fall apart twice a day
I just wish you could feel what you say
Show, never tell
But I know you too well
Kind of mood that you wish you could sell

If teardrops could be bottled
There'd be swimming pools filled by models
Told, ""A tight dress is what makes you a whore""
If ""I love you"" was a promise
Would you break it, if you're honest?
Tell the mirror what you know she's heard before
I don't wanna be you
Anymore

Hands, hands getting cold
Losing feeling is getting old
Was I made from a broken mold?
Hurt, I can't shake
We've made every mistake
Only you know the way that I break

If teardrops could be bottled
There'd be swimming pools filled by models
Told, ""A tight dress is what makes you a whore""
If ""I love you"" was a promise
Would you break it, if you're honest?
Tell the mirror what you know she's heard before
I don't wanna be you
I don't wanna be you
I don't wanna be you
Anymore"
Billie Eilish,​bury a friend,"Billie

What do you want from me? Why don't you run from me?
What are you wondering? What do you know?
Why aren't you scared of me? Why do you care for me?
When we all fall asleep, where do we go?

Come here
Say it, spit it out, what is it exactly
You're payin'? Is the amount cleanin' you out? Am I satisfactory?
Today, I'm thinkin' about the things that are deadly
The way I'm drinkin' you down
Like I wanna drown, like I wanna end me

Step on the glass, staple your tongue (Ahh)
Bury a friend, try to wake up (Ah-ahh)
Cannibal class, killing the son (Ahh)
Bury a friend, I wanna end me

I wanna end me
I wanna, I wanna, I wanna… end me
I wanna, I wanna, I wanna…

What do you want from me? Why don't you run from me?
What are you wondering? What do you know?
Why aren't you scared of me? Why do you care for me?
When we all fall asleep, where do we go?

Listen
Keep you in the dark, what had you expected?
Me to make you my art and make you a star
And get you connected?
I'll meet you in the park, I'll be calm and collected
But we knew right from the start that you'd fall apart
'Cause I'm too expensive
It's probably somethin' that shouldn't be said out loud
Honestly, I thought that I would be dead by now (Wow)
Calling security, keepin' my head held down
Bury the hatchet or bury a friend right now

The debt I owe, gotta sell my soul
'Cause I can't say no, no, I can't say no
Then my limbs all froze and my eyes won't close
And I can't say no, I can't say no
Careful

Step on the glass, staple your tongue (Ahh)
Bury a friend, try to wake up (Ah-ahh)
Cannibal class, killing the son (Ahh)
Bury a friend, I wanna end me

I wanna end me
I wanna, I wanna, I wanna… end me
I wanna, I wanna, I wanna…

What do you want from me? Why don't you run from me?
What are you wondering? What do you know?
Why aren't you scared of me? Why do you care for me?
When we all fall asleep, where do we go?"
Billie Eilish,​i love you,"It's not true
Tell me I’ve been lied to
Crying isn't like you, ooh
What the hell did I do?
Never been the type to
Let someone see right through, ooh

Maybe won't you take it back?
Say you were tryna make me laugh
And nothing has to change today
You didn’t mean to say ""I love you""
I love you and I don't want to, ooh

Up all night on another red-eye
I wish we never learned to fly
Maybe we should just try
To tell ourselves a good lie
Didn't mean to make you cry

Maybe won't you take it back?
Say you were tryna make me laugh
And nothing has to change today
You didn't mean to say ""I love you""
I love you and I don't want to, ooh

The smile that you gave me
Even when you felt like dying

We fall apart as it gets dark
I'm in your arms in Central Park
There's nothing you could do or say
I can’t escape the way I love you
I don’t want to, but I love you, ooh
Ooh, ooh
Ooh, ooh"
Billie Eilish,Your Power,"Try not to abuse your power
I know we didn't choose to change
You might not wanna lose your power
But havin' it's so strange

She said you were a hero
You played the part
But you ruined her in a year
Don't act like it was hard
And you swear you didn't know (Didn't know)
No wonder why you didn't ask
She was sleepin' in your clothes (In your clothes)
But now she's got to get to class

How dare you?
And how could you?
Will you only feel bad when they find out?
If you could take it all back
Would you?

Try not to abuse your power
I know we didn't choose to change
You might not wanna lose your power
But havin' it's so strange

I thought that I was special
You made me feel
Like it was my fault, you were the devil
Lost your appeal
Does it keep you in control? (In control)
For you to keep her in a cage?
And you swear you didn't know (Didn't know)
You said you thought she was your age

How dare you?
And how could you?
Will you only feel bad if it turns out
That they kill your contract?
Would you?

Try not to abuse your power
I know we didn't choose to change
You might not wanna lose your power
But power isn't pain

Mmm
Ooh
La-la-la-la-la, hmm
La-la-la-la-la-la, la-la"
Billie Eilish,​wish you were gay,"""Baby, I don't feel so good,"" six words you never understood
""I'll never let you go,"" five words you'll never say (Aww)
I laugh along like nothing's wrong, four days has never felt so long
If three's a crowd and two was us, one slipped away (Hahahahahahahaha)

I just wanna make you feel okay
But all you do is look the other way
I can't tell you how much I wish I didn't wanna stay
I just kinda wish you were gay

Is there a reason we're not through?
Is there a 12 step just for you?
Our conversation's all in blue
11 ""heys"" (Hey, hey, hey, hey)
Ten fingers tearin' out my hair
Nine times you never made it there
I ate alone at 7, you were six minutes away
(Yay)

How am I supposed to make you feel okay
When all you do is walk the other way?
I can't tell you how much I wish I didn't wanna stay
I just kinda wish you were gay

To spare my pride
To give your lack of interest an explanation
Don't say I'm not your type
Just say that I'm not your preferred sexual orientation
I'm so selfish
But you make me feel helpless, yeah
And I can't stand another day
Stand another day

I just wanna make you feel okay
But all you do is look the other way, hmm
I can't tell you how much I wish I didn't wanna stay
I just kinda wish you were gay
I just kinda wish you were gay
I just kinda wish you were gay"
Billie Eilish,No Time To Die,"I should have known
I'd leave alone
Just goes to show
That the blood you bleed is just the blood you owe
We were a pair
But I saw you there
Too much to bear
You were my life, but life is far away from fair
Was I stupid to love you?
Was I reckless to help?
Was it obvious to everybody else?

That I'd fallen for a lie
You were never on my side
Fool me once, fool me twice
Are you death or paradise?
Now you'll never see me cry
There's just no time to die

I let it burn
You're no longer my concern, mmm
Faces from my past return
Another lesson yet to learn

That I'd fallen for a lie
You were never on my side
Fool me once, fool me twice
Are you death or paradise?
Now you'll never see me cry
There's just no time to die

No time to die, mmm
No time to die, ooh

Fool me once, fool me twice
Are you death or paradise?
Now you'll never see me cry
There's just no time to die"
Billie Eilish,Therefore I Am,"I'm not your friend
Or anything, damn
You think that you're the man
I think, therefore, I am
I'm not your friend
Or anything, damn
You think that you're the man
I think, therefore, I am

Stop, what the hell are you talking about? Ha
Get my pretty name out of your mouth
We are not the same with or without
Don't talk 'bout me like how you might know how I feel
Top of the world, but your world isn't real
Your world's an ideal

So go have fun
I really couldn't care less
And you can give 'em my best, but just know

I'm not your friend
Or anything, damn
You think that you're the man
I think, therefore, I am
I'm not your friend
Or anything, damn
You think that you're the man
I think, therefore, I am

I don't want press to put your name next to mine
We're on different lines, so I
Wanna be nice enough, they don't call my bluff
'Cause I hate to find
Articles, articles, articles
Rather you remain unremarkable (Got a lotta)
Interviews, interviews, interviews
When they say your name, I just act confused

Did you have fun?
I really couldn't care less
And you can give 'em my best, but just know

I'm not your friend
Or anything, damn
You think that you're the man
I think, therefore, I am
I'm not your friend
Or anything, damn
You think that you're the man
I think, therefore, I am

I'm sorry
I don't think I caught your name
I'm sorry
I don't think I caught your name

I'm not your friend (I'm not your friend)
Or anything, damn
You think that you're the man (They wanna, they can try)
I think, therefore, I am (I am)
I'm not your friend (Friend)
Or anything, damn (They wanna)
You think that you're the man (You're the man)
I think, therefore, I am (Therefore, I am)"
Billie Eilish,​​ocean eyes,"I've been watchin' you for some time
Can't stop starin' at those ocean eyes
Burning cities and napalm skies
Fifteen flares inside those ocean eyes
Your ocean eyes

No fair
You really know how to make me cry
When you give me those ocean eyes
I'm scared
I've never fallen from quite this high
Fallin' into your ocean eyes
Those ocean eyes

I've been walkin' through a world gone blind
Can't stop thinkin' of your diamond mind
Careful creature made friends with time
He left her lonely with a diamond mind
And those ocean eyes

No fair (No fair)
You really know how to make me cry
When you give me those ocean eyes (Those ocean eyes)
I'm scared (I'm scared)
I've never fallen from quite this high
Fallin' into your ocean eyes
Those ocean eyes

(Seye naeco esoht)
(Seye naeco ruoy otni 'nillaf)
Da-da-da-da-da, da-da-da-da-da (Hgih siht etiuq morf nellaf reven ev'I)
(Deracs m'I) Da-da-da-da-da-da
Da-da-da (Seye naeco esoht em evig uoy nehw)
Mmm (Yrc em ekam ot woh wonk yllaer uoy)
Mmm (Riaf on)

No fair
You really know how to make me cry
When you give me those ocean eyes
I'm scared
I've never fallen from quite this high
Fallin' into your ocean eyes
Those ocean eyes"
Billie Eilish,Happier Than Ever,"When I'm away from you
I'm happier than ever
Wish I could explain it better
I wish it wasn't true

Give me a day or two to think of something clever
To write myself a letter
To tell me what to do, mm-mm
Do you read my interviews?
Or do you skip my avenue?
When you said you were passin' through
Was I even on your way?
I knew when I asked you to (When I asked you to)
Be cool about what I was tellin' you
You'd do the opposite of what you said you'd do (What you said you'd do)
And I'd end up more afraid
Don't say it isn't fair
You clearly werеn't aware that you made me misеrable
So if you really wanna know

When I'm away from you (When I'm away from you)
I'm happier than ever (Happier than ever)
Wish I could explain it better (Wish I could explain it better)
I wish it wasn't true, mm-mm

You call me again, drunk in your Benz
Drivin' home under the influence
You scared me to death, but I'm wastin' my breath
'Cause you only listen to your fuckin' friends
I don't relate to you
I don't relate to you, no
'Cause I'd never treat me this shitty
You made me hate this city

And I don't talk shit about you on the internet
Never told anyone anything bad
'Cause that shit's embarrassing, you were my everything
And all that you did was make me fuckin' sad
So don't waste the time I don't have
And don't try to make me feel bad
I could talk about every time that you showed up on time
But I'd have an empty line 'cause you never did
Never paid any mind to my mother or friends
So I shut 'em all out for you 'cause I was a kid

You ruined everything good
Always said you were misunderstood
Made all my moments your own
Just fuckin' leave me alone (Fuck you)
(Ah)
(Fuck you)
(Ah)
(Fuck you)"
Billie Eilish,​my future,"I can't seem to focus
And you don't seem to notice I'm not here
I'm just a mirror
You check your complexion
To find your reflection's all alone
I had to go

Can't you hear me?
I'm not comin' home
Do you understand?
I've changed my plans

'Cause I, I'm in love
With my future
Can't wait to meet her
And I (I), I'm in love
But not with anybody else
Just wanna get to know myself

I know supposedly I'm lonely now (Lonely now)
Know I'm supposed to be unhappy
Without someone (Someone)
But aren't I someone? (Aren't I someone? Yeah)
I'd (I'd) like to be your answer (Be your answer)
'Cause you're so handsome (You're so handsome)

But I know better
Than to drive you home
'Cause you'd invite me in
And I'd be yours again

But I (I), I'm in love (Love, love, love, love)
With my future
And you don't know her (Ooh)
And I, I'm in love (Love, love)
But not with anybody here
I'll see you in a couple years"
Billie Eilish,​bellyache,"Mind
Mind

Sittin' all alone
Mouth full of gum
In the driveway
My friends aren't far
In the back of my car
Lay their bodies

Where's my mind?
Where's my mind?

They'll be here pretty soon
Lookin' through my room
For the money
I'm bitin' my nails
I'm too young to go to jail
It's kinda funny

Where's my mind?
Where's my mind?
Where's my mind?
Where's my mind?

Maybe it's in the gutter
Where I left my lover
What an expensive fake
My V is for Vendetta
Thought that I'd feel better
But now I got a bellyache
(Mind)

Everything I do
The way I wear my noose
Like a necklace
I wanna make 'em scared
Like I could be anywhere
Like I'm reckless

I lost my mind
I don't mind
Where's my mind?
Where's my mind?

Maybe it's in the gutter
Where I left my lover
What an expensive fake
My V is for Vendetta
Thought that I'd feel better
But now I got a bellyache
(Bellyache, bellyache, bellyache, bellyache
Bellyache, bellyache)
Maybe it's in the gutter
Where I left my lover
What an expensive fake
My V is for Vendetta
Thought that I'd feel better
But now I got a bellyache"
Billie Eilish,​you should see me in a crown,"Bite my tongue, bide my time
Wearing a warning sign
Wait 'til the world is mine
Visions I vandalize
Cold in my kingdom size
Fell for these ocean eyes

You should see me in a crown
I'm gonna run this nothing town
Watch me make 'em bow
One by one by one
One by one by
You should see me in a crown
Your silence is my favorite sound
Watch me make 'em bow
One by one by one
One by one by one

Count my cards, watch them fall
Blood on a marble wall
I like the way they all scream
Tell me which one is worse
Living or dying first
Sleeping inside a hearse (I don't dream)

You say, ""Come over, baby
I think you're pretty""
I'm okay, I'm not your baby
If you think I'm pretty

You should see me in a crown
I'm gonna run this nothing town
Watch me make 'em bow
One by one by one
One by one by
You should see me in a crown
Your silence is my favorite sound
Watch me make 'em bow
One by one by one
One by one by one


Crown
I'm gonna run this nothing town
Watch me make 'em bow
One by one by one
One by one by
You should see me in a crown (You should see me, see me)
Your silence is my favorite sound (You should see me, see me)
Watch me make 'em bow
One by one by one
One by one by one"
Billie Eilish,​xanny,"What is it about them?
I must be missing something
They just keep doing nothing
Too intoxicated to be scared
Better off without them
They're nothing but unstable
Bring ashtrays to the table
And that's about the only thing they share

I'm in their secondhand smoke
Still just drinking canned Coke
I don't need a Xanny to feel better
On designated drives home
Only one who's not stoned
Don't give me a Xanny, now or ever

Can you check your Uber rating? Oh my god
(And it's like, wait, like, when?)

Wakin' up at sundown (Ooh)
They're late to every party (Ooh)
Nobody's ever sorry (Ooh)
Too inebriated now to dance
Morning as they come down (Come down)
Their pretty heads are hurting (Hurting)
They're awfully bad at learning (Learning)
Make the same mistakes, blame circumstance

I'm in their secondhand smoke
Still just drinking canned Coke
I don't need a Xanny to feel better
On designated drives home
Only one who's not stoned
Don't give me a Xanny, now or ever

Please don't try to kiss me on the sidewalk
On your cigarette break
I can't afford to love someone
Who isn't dying by mistake in Silver Lake

What is it about them?
I must be missing something
They just keep doin' nothing
Too intoxicated to be scared
Hmm, hmm
Hmm, mmm, mmm, mmm, mmm
Come down
Hurting
Learning"
Billie Eilish,​all the good girls go to hell,"My Lucifer is lonely

Standing there, killing time
Can't commit to anything but a crime
Peter's on vacation, an open invitation
Animals, evidence
Pearly Gates look more like a picket fence
Once you get inside 'em
Got friends but can't invite them

Hills burn in California
My turn to ignore ya
Don't say I didn't warn ya

All the good girls go to Hell
'Cause even God herself has enemies
And once the water starts to rise
And Heaven's out of sight
She'll want the Devil on her team

My Lucifer is lonely

Look at you needing me
You know I'm not your friend without some greenery
Walk in wearin' fetters
Peter should know better
Your cover up is caving in
Man is such a fool, why are we saving him?
Poisoning themselves now
Begging for our help, wow

Hills burn in California
My turn to ignore ya
Don't say I didn't warn ya

All the good girls go to Hell (All the good girls go to Hell)
'Cause even God herself (God herself) has enemies
And once the water starts to rise (Water starts to rise)
And Heaven's out of sight
She'll want the Devil on her team

My Lucifer is lonely
There's nothing left to save now
My god is gonna owe me
There's nothing left to save now

Haha!
I cannot do the snowflake"
Billie Eilish,​ilomilo,"Told you not to worry
But maybe that's a lie
Honey, what's your hurry?
Won't you stay inside?
Remember not to get too close to stars
They're never gonna give you love like ours

Where did you go?
I should know, but it's cold
And I don't wanna be lonely
So show me the way home
I can't lose another life

Hurry, I'm worried

The world's a little blurry
Or maybe it's my eyes
The friends I've had to bury
They keep me up at night
Said I couldn't love someone
'Cause I might break
If you're gonna die, not by mistake

So, where did you go?
I should know, but it's cold
And I don't wanna be lonely
So tell me you'll come home
Even if it's just a lie

I tried not to upset you
Let you rescue me the day I met you
I just wanted to protect you
But now I'll never get to

Hurry, I'm worried

Where did you go?
I should know, but it's cold
And I don't wanna be lonely
Was hoping you'd come home
I don't care if it's a lie"
Billie Eilish,COPYCAT,"Don't be cautious, don't be kind
You committed, I'm your crime
Push my button anytime
You got your finger on the trigger, but your trigger finger's mine

Silver dollar, golden flame
Dirty water, poison rain
Perfect murder, take your aim
I don't belong to anyone, but everybody knows my name

By the way, you've been uninvited
'Cause all you say are all the same things I did

Copycat tryna cop my manner
Watch your back when you can't watch mine
Copycat tryna cop my glamour
Why so sad, bunny? Can't have mine

Call me calloused, call me cold
You're italic, I'm in bold
Call me cocky, watch your tone
You better love me, 'cause you're just a clone

By the way, you've been uninvited
'Cause all you say are all the same things I did

Copycat tryna cop my manner
Watch your back when you can't watch mine
Copycat tryna cop my glamour
Why so sad, bunny? Can't have mine

Mine
I would hate to see you go
Hate to be the one that told you so
You just crossed the line
You've run out of time
I'm so sorry, now you know
Sorry I'm the one that told you so
Sorry, sorry, I'm sorry, sorry
Psych

By the way, you've been uninvited
'Cause all you say are all the same things I did

Copycat tryna cop my manner
Watch your back when you can't watch mine
Copycat tryna cop my glamour
Why so sad, bunny? Can't have mine"
Billie Eilish,​my strange addiction,"No, Billy, I haven't done that dance since my wife died
There’s a whole crowd of people out there who need to learn how to do The Scarn

Don't ask questions you don't wanna know
Learned my lesson way too long ago
To be talkin’ to you, belladonna
Shoulda taken a break, not an Oxford comma
Take what I want when I wanna
And I want ya

Bad, bad news
One of us is gonna lose
I'm the powder, you're the fuse
Just add some friction

You are my strange addiction
You are my strange addiction
My doctors can't explain
My symptoms or my pain
But you are my strange addiction

I'm really, really sorry, I think I was just relieved
To see that Michael Scarn got his confidence back
Yeah, Michael, the movie is amazing
It's like, one of the best movies I've ever seen in my life

Deadly fever, please don't ever break
Be my reliever ’cause I don’t self medicate
And it burns like a gin and I like it
Put your lips on my skin and you might ignite it
Hurts, but I know how to hide it, kinda like it (Teh)

Bad, bad news
One of us is gonna lose
I'm the powder, you’re the fuse
Just add some friction

You are my strange addiction
You are my strange addiction
My doctors can't explain
My symptoms or my pain
But you are my strange addiction

Bite my glass, set myself on fire
Can't you tell I'm crass? Can’t you tell I'm wired?
Tell me nothing lasts, like I don't know
You could kiss my— asking about my motto

You should enter it in festivals or carnivals
Thoughts? Pretty good reaction
Pretty cool... right?

You are my strange addiction
You are my strange addiction
My doctors can't explain
My symptoms or my pain
But you are my strange addiction

Did you like it? Did you like that?
Um, which part?"
Billie Eilish,​listen before i go,"Take me to the rooftop
I wanna see the world when I stop breathing
Turnin' blue
Tell me love is endless, don't be so pretentious
Leave me like you do (Like you do)

If you need me, wanna see me
Better hurry 'cause I'm leavin' soon

Sorry can't save me now
Sorry I don't know how
Sorry there's no way out (Sorry)
But down
Hmm, down

Taste me, the salty tears on my cheek
That's what a year-long headache does to you
I'm not okay, I feel so scattered
Don't say I'm all that matters
Leave me, déjà vu (Hmm)

If you need me, wanna see me
You better hurry, I'm leavin' soon

Sorry can't save me now (Sorry)
Sorry I don't know how (Sorry)
Sorry there's no way out (Sorry)
But down
Hmm, down

Call my friends and tell them that I love them
And I'll miss them
But I'm not sorry
Call my friends and tell them that I love them
And I'll miss them
Sorry"
Billie Eilish,​watch,"Lips meet teeth and tongue
My heart skips eight beats at once
If we were meant to be, we would have been by now
See what you wanna see, but all I see is him right now

I'll sit and watch your car burn
With the fire that you started in me
But you never came back to ask it out
Go ahead and watch my heart burn
With the fire that you started in me
But I'll never let you back to put it out

Your love feels so fake
And my demands aren't high to make
If I could get to sleep, I would have slept by now
Your lies will never keep, I think you need to blow 'em out

I'll sit and watch your car burn
With the fire that you started in me
But you never came back to ask it out
Go ahead and watch my heart burn
With the fire that you started in me
But I'll never let you back to put it out

When you call my name
Do you think I'll come runnin'?
You never did the same
So good at givin' me nothin'
When you close your eyes, do you picture me?
When you fantasize, am I your fantasy?
Now you know
Now I'm free

I'll sit and watch your car burn
With the fire that you started in me
But you never came back to ask it out
Watch my heart burn
With the fire that you started in me
But I'll never let you back to put it out

Never let you back
Let you back, let you back
Never gonna let you back
Let you back"
Billie Eilish,​hostage,"I wanna be alone
Alone with you, does that make sense?
I wanna steal your soul
And hide you in my treasure chest
I don't know what to do
To do with your kiss on my neck
I don't know what feels true
But this feels right, so stay a sec
Yeah, you feel right, so stay a sec

And let me crawl inside your veins
I'll build a wall, give you a ball and chain
It's not like me to be so mean, you're all I wanted
Just let me hold you
Like a hostage

Gold on your fingertips
Fingertips against my cheek
Gold leaf across your lips
Kiss me until I can't speak
Gold chain beneath your shirt
The shirt that you let me wear home
Gold's fake and real love hurts
But nothing hurts when I'm alone
When you're with me and we're alone

And let me crawl inside your veins
I'll build a wall, give you a ball and chain
It's not like me to be so mean, you're all I wanted
Just let me hold you
Hold you
Like a hostage
Like a hostage"
Billie Eilish,​my boy,"(Three and four and)
Ba-ba-da, ba-ba-da-ba-da
Mmm, mmm

My boy's bein' sus, he was shady enough
But now he's just a shadow
My boy loves his friends like I love my split ends
And by that, I mean he cuts 'em off
(What?)

My boy, my boy, my boy
Don't love me like he promised
My boy, my boy, my boy
He ain't a man and sure as hell ain't honest

My boy's bein' sus and he don't know how to cuss
He just sounds like he's tryna be his father (Who are you?)
My boy's an ugly crier but he's such a pretty liar
And by that, I mean he said he'd change

My boy, my boy, my boy
Don't love me like he promised
My boy, my boy, my boy
He ain't a man and sure as hell ain't honest

My boy, my-my boy, my friends
I love-love, I-I love-love my split ends
My boy (Love, love, love, love, love, love)
My-my boy (Love, love, love, love, love, love)
My boy, my (Love, love, love, love, love, love, love, love)
(Alright, dude, go trip over a knife)

My boy, my boy, my boy
Don't love me like he promised
My boy, my boy, my boy
He ain't a man and sure as hell ain't honest

You want me to be yours? Well, then you gotta be mine
And if you want a good girl, then goodbye
You want me to be yours? Well, then you gotta be mine
And if you want a good girl, then goodbye"
Billie Eilish,Six Feet Under,"Help, I lost myself again
But I remember you
Don't come back
It won't end well
But I wish you'd tell me to

Our love is six feet under
I can't help but wonder
If our grave was watered by the rain
Would roses bloom?
Could roses bloom
Again?

Retrace my lips
Erase your touch
It's all too much for me
Blow away
Like smoke in air
How can you die carelessly?

Our love is six feet under
I can't help but wonder
If our grave was watered by the rain
Would roses bloom?
Could roses bloom?

They're playin' our sound
Layin' us down tonight
And all of these clouds
Crying us back to life
But you're cold as a knife

Six feet under
I can't help but wonder
If our grave was watered by the rain
Bloom
Bloom
Again

Help, I lost myself again
But I remember you"
Billie Eilish,8,"Wait a minute, let me finish
I know you don't care
But can you listen?
I came committed, guess I overdid it
Wore my heart out on a chain
Around my neck, but now it's missin', hmm

Da-da-da-da-da-da (Hmm)
Da-da-da-da-da-da-da (Hmm, hmm, hmm, hmm)
Oh, hmm, hmm

So I think I better go
I never really know how to please you
You're lookin' at me like I'm see-through
I guess I'm gonna go
I just never know how you feel
Do you even feel anything?

Da-da-da-da-da-da-da
Da-da-da-da-da-da-da
Oh, hmm, hmm

You said, ""Don't treat me badly""
But you said it so sadly
So I did the best I could
Not thinkin' you would have left me gladly
I know you're not sorry
Why should you be?
'Cause who am I to be in love
When your love never is for me?
Me

Da-da-da-da-da-da-da (Hmm)
Da-da-da-da-da-da-da (Hmm, hmm, hmm, hmm)
Oh, hmm, hmm

So I think I better go
I never really know how to please you
You're lookin' at me like I'm see-through
I guess I'm gonna go
I just never know how you feel
Do you even feel anything?"
Billie Eilish,​bitches broken hearts,"You can pretend you don't miss me (Me)
You can pretend you don't care
All you wanna do is kiss me (Me)
Oh, what a shame, I'm not there
You can pretend you don't miss me (Me)
You can pretend you don't care
All you wanna do is kiss me (Me)
Oh , what a shame, I'm not there

What is it you want?
You can lie, but I know that you're not fine
Every time you talk
It's all 'bout me, but you swear I'm not on your mind

You can pretend you don't miss me (Me)
You can pretend you don't care
All you wanna do is kiss me (Me)
Oh, what a shame, I'm not there

Everybody knows
You and I are suicide and stolen art (Art)
Pretty mama sews
Stitches into all your bitches' broken hearts

You can pretend you don't miss me (Me)
You can pretend you don't care
All you wanna do is kiss me (Me)
Oh, what a shame, I'm not there

Somebody new is gonna comfort you
Like you want me to
Somebody new is gonna comfort me
Like you never do

Every now and then, it hits me
That I'm the one that got away
But I guess being lonely fits me
And you were made for begging, ""stay"""
Billie Eilish,​​come out and play,"Hmm-mm

Wake up and smell the coffee
Is your cup half full or empty?
When we talk, you say it softly
But I love it when you're awfully quiet
Hmm-mm, quiet
Hmm-mm

You see the piece of paper
Could be a little greater
Show me what you could make her
You'll never know until you try it
Hmm-mm
And you don't have to keep it quiet

And I know it makes you nervous
But I promise you, it's worth it
To show 'em everything you kept inside
Don't hide, don't hide
Too shy to say, but I hope you stay
Don't hide away
Come out and play

Look up, out of your window
See snow, won't let it in though
Leave home, feel the wind blow
'Cause it's colder here inside in silence
And you don't have to keep it quiet

Yeah, I know it makes you nervous
But I promise you, it's worth it
To show 'em everything you kept inside
Don't hide, don't hide
Too shy to say but I hope you stay
Don't hide away
Come out and play"
Billie Eilish,Bored,"Ah, ah

The games you played were never fun
You'd say you'd stay but then you'd run, ah

Giving you what you're begging for
Giving you what you say I need
I don't want any settled scores
I just want you to set me free
Giving you what you're begging for
Giving you what you say I need, say I need

I'm not afraid anymore
What makes you sure you're all I need? (I need)
Forget about it
When you walk out the door and leave me torn
You're teaching me to live without it
Bored, I'm so bored, I'm so bored, so bored

I'm home alone, you're God-knows-where
I hope you don't think that shit's fair, ah

Giving you all you want and more
Giving you every piece of me
I don't want love I can't afford
I just want you to love for free
Can't you see that I'm getting bored?
Giving you every piece of me, piece of me

I'm not afraid anymore
What makes you sure you're all I need?
Forget about it
When you walk out the door and leave me torn
You're teaching me to live without it
Bored, I'm so bored, I'm so bored, so bored

Giving you what you're begging for
Giving you what you say I need
I don't want any settled scores
I just want you to set me free
Giving you what you're begging for
Giving you what you say I need, say I need

I'm not afraid anymore
What makes you sure you're all I need?
Forget about it
And when you walk out the door and leave me torn
You're teaching me to live without it"
Billie Eilish,NDA,"Did you think I'd show up in a limousine? (No)
Had to save my money for security
Got a stalker walkin' up and down the street
Says he's Satan and he'd like to meet
I bought a secret house when I was seventeen (Ha)
Haven't had a party since I got the keys
Had a pretty boy over, but he couldn't stay
On his way out, made him sign an NDA, mm
Yeah, I made him sign an NDA
Once was good enough
'Cause I don't want him havin' shit to say, oh-oh

You couldn't save me, but you can't let me go, oh, no
I can crave you, but you don't need to know, oh-oh

Mm, mm-mm, mm
30 Under 30 for another year (Another year)
I can barely go outside, I think I hate it herе (I think I hate it here)
Maybе I should think about a new career
Somewhere in Kaua'i where I can disappear
I've been havin' fun gettin' older now
Didn't change my number, made him shut his mouth (Shut his mouth, yeah)
At least I gave him somethin' he can cry about
I thought about my future, but I want it now, oh-oh
Want it now, mm-mm-mm
You can't give me up

You couldn't save me, but you can't let me go, oh, no
I can crave you, but you don't need to know, oh-oh

Did I take it too far?
Now I know what you are
You hit me so hard
I saw stars
Think I took it too far
When I sold you my heart
How'd it get so dark?
I saw stars
Stars"
Billie Eilish,​​party favor,"Hey, leave a message

Hey, call me back when ya get this
Or when you've got a minute
We really need to talk
Wait, you know what?
Maybe just forget it
'Cause by the time you get this
Your number might be blocked

""Stay"" and ""blah blah blah""
You just want what you can't have
No way
I'll call the cops
If you don't stop, I'll call your dad

And I hate to do this to you on your birthday
Happy birthday, by the way
""It's not you, it's me"" and all that other bullshit
You know that's bullshit
Don'tcha, babe?
I'm not your party favor

Look, now I know we coulda done it better
But we can't change the weather
When the weather's come and gone
Books don't make sense if you read 'em backwards
You'll single out the wrong words
Like you mishear all my songs

You'll hear ""stay"" and ""blah blah blah""
You just want what you can't have
No way
I'll call the cops
If you don't stop, I'll call your dad

And I hate to do this to you on your birthday
Happy birthday by the way
""It's not you, it's me"" and all that other bullshit
You know that's bullshit
Don'tcha, babe?
I'm not your party favor"
Billie Eilish,6.18.18*,"Our time is up
Your eyes are shut
I won't get to tell you what
I needed you to know
It's dark enough
The moonlight doesn't show
And all my love
Could never bring you home

There's no more stars to find
And I'm too far behind
And I'd love to let you go
I'd love to let you go
You're all that's on my mind
I called a thousand times
And I have to let you go
But I love you more and more than you could know

I sat alone
Awaited your reply
Was driven home
When I started to cry
I should've known
I should've said goodbye
I only hoped
I would've had more time

There's no more stars to find
And I'm too far behind
And I'd love to let you go
I'd love to let you go
You're always on my mind
When I called a thousand times
And I have to let you go
But I love you more and more than you could know-oh

Oh-uh-uh-uh-uh-uh-uh-uh
Da-da-da-da-da, da-da-ra-da
We're both too young
To live and die this way
A sunny summer day
With so much left to say
Not 21
The 18th out of pain
The day you couldn't stay
You made me wanna pray
But I think God's fake

There's no more stars to find
And I'm too far behind
And I'd love to let you go
I'd love to let you go
You're all that's on my mind
When I called a thousand times
And I have to let you go
But I love you more and more and more and more and more
More and more, more and more and more than you will ever know
You will never know
You will never know"
Billie Eilish,​goodbye,"Please, please
Don't leave﻿ me
Be

It's not true
Take me to the rooftop
Told you not to worry
What do you want from me?
Don't ask questions
Wait a minute
Don't you know I'm no good for you?
Baby, I don't feel so good
And all the good girls go ﻿to Hell
Bite my tongue, bide my time
What is it about them?
I'm the bad guy"
Billie Eilish,The End of the World,"Breathe the air again, it's a beautiful day
I wish this moment would stay with the Earth
Some primal paradise
But there you go again, saying everything ends
Saying you can't depend on anything, or anyone

If the end of the world was near
Where would you choose to be?
If there was five more minutes of air
Would you panic and hide
Or run for your life
Or stand here and spend it with me
If we had five more minutes
Would I, could I, make you happy?

And we would live again
In the simplest of ways
Living day after day
Like some primal animals
We would love again
Under glorious suns
With the freedom that comes with the truth

If the end of the world was near
Where would you choose to be?
If there was five more minutes of air
Would you panic and hide?
Or run for your life?
Or stand here and spend it with me?
If we had five more minutes
Would I, could I, make you happy?

So it finally came to pass
I saw the end of the world
Saw the madness unfold like
Some primal burial
And I looked back upon
Armageddon
And the moment of truth
Between you and me

If we had five more minutes of air to breathe
And we cried all through it
But you spent them with me
On our last few drags of air we agree
I was and you were happy"
Billie Eilish,Male Fantasy,"Home alone, tryin' not to eat
Distract myself with pornography
I hate the way she looks at me
I can't stand the dialogue, she would never be
That satisfied, it's a male fantasy
I'm goin' back to therapy

'Cause I loved you then and I love you now
And I don't know how
Guess it's hard to know when nobody else comes around
If I'm getting over you
Or just pretending to
Be alright, convince myself I hate you

(Want me to sing in here?)
(Okay)

I got a call from a girl I used to know
We were inseparablе years ago
Thought we'd get along, but it wasn't so
And it's all I think about whеn I'm behind the wheel
I worry this is how I'm always gonna feel
But nothing lasts, I know the deal

But I loved you then and I love you now
And I don't know how
Guess it's hard to know when nobody else comes around
If I'm getting over you
Or just pretending to
Be alright, convince myself I hate you

Can't get over you
No matter what I do
I know I should, but I could never hate you"
Billie Eilish,Lost Cause,"Something's in the—

Something's in the air right now
Like I'm losin' track of time (Time, time)
Like I don't really care right now
But maybe that's fine
You weren't even there that day
I was waitin' on you (You, you)
I wonder if you were aware that day
Was the last straw for me and I knew

I sent you flowers
Did you even care?
You ran the shower
And left them by the stairs
Ooh-ooh-ooh, a-a-a-ayy
Thought you had your shit together, but damn, I was wrong (Wrong)

You ain't nothin' but a lost cause (Cause, cause)
And this ain't nothin' like it oncе was (Was, was)
I know you think you're such an outlaw
But you got no job (Job)
You ain't nothin' but a lost cause (Cause)
And this ain't nothin' likе it once was (Was)
I know you think you're such an outlaw
But you got no job

I used to think you were shy (Shy)
But maybe you just had nothing on your mind
Maybe you were thinkin' 'bout yourself all the time
I used to wish you were mine (Mine)
But that was way before I realized
Someone like you would always be so easy to find
(So) So easy (So, so)
Hee, mm-mm-mm, mm

Gave me no flowers
Wish I didn't care
You'd be gone for hours
Could be anywhere
Ooh-ooh-ooh
Ah-ah-ah-ah-ah
Thought you would've grown eventually, but you proved me wrong (Wrong)

You ain't nothing but a lost cause (Cause)
And this ain't nothing like it once was (Was)
I know you think you're such an outlaw (Yeah)
But you got no job (No job)
You ain't nothing but a lost cause (Cause)
And this ain't nothing like it once was (Was)
I know you think you're such an outlaw (Think you're such a lost cause)
But you got no job

(What did I tell you?)
(Don't get complacent)
(It's time to face it now, na-na, na-na, na-na)
(What did I tell you?)
(Don't get complacent)
(It's time to face it now, na-na, na-na, na-na)"
Billie Eilish,Oxytocin,"Can't take it back once it's been set in motion
You know I love to rub it in like lotion
If you only pray on Sunday, could you come my way on Monday?
'Cause I like to do things God doesn't approve of if She saw us

She couldn't look away, look away, look away
She'd wanna get involved, involved, involved
And what would people say, people say, people say
If they listen through the wall, the wall, the wall?

I can see it clear as day
You don't really need a break
Wanna see what you can take
You should really run away

I wanna do bad things to you (To you)
I wanna make you yell (Yell)
I wanna do bad things to you (To you)
Don't wanna treat you well (Well)

Can't take it back once it's been set in motion
You know I need you for the oxytocin
If you find it hard to swallow, I can loosen up your collar
'Cause as long as you're still breathing
Don't you even think of leaving

Not gonna wanna look away, look away, look away
You're gonna wanna get involved, involved, involved
And what would people say, people say, people say
If they listen through the wall, the wall, the wall?

I can see it clear as day
You don't really need a break
Wanna see what you can take
You should really run away
Other people wouldn't stay
Other people don't obey
You and me are both the same
You should really run away

Bad things
To you
I wanna do bad things to you
I wanna make you yell
I wanna do bad things to you
Don't wanna treat you well"
Billie Eilish,Billie Bossa Nova,"Mm-mm-mm, mm-mm
Na-na-na

Love when it comes without a warning
'Cause waiting for it gets so boring
A lot can change in twenty seconds
A lot can happen in the dark
Love when it makes you lose your bearings
Some information's not for sharing
Use different names at hotel check-ins
It's hard to stop it once it starts (It starts)

I'm not sentimental
But there's somethin' 'bout the way you look tonight, mm
Makes me wanna take a picture
Make a movie with you that we'd have to hide

You better lock your phone (Oh)
And look at me whеn you're alone
Won't take a lot to gеt you goin' (Oh)
I'm sorry if it's torture though
I know, I know

It might be more of an obsession
You really make a strong impression (You sure do)
Nobody saw me in the lobby (Saw me in the lobby)
Nobody saw me in your arms, mm

I'm not sentimental
But there's somethin' 'bout the way you look tonight, mm ('Bout the way you look tonight)
Makes me wanna make 'em jealous
I'm the only one who does it how you like (Only one who does it how you—)

You better lock your phone (Oh)
And look at me when you're alone (You're alone, you're alone)
Won't take a lot to get you goin' (Get me goin', get me goin')
I'm sorry if it's torture though (Torture though)
I know, I know
You better lock your door (Oh)
And look at me a little more
We both know I'm worth waitin' for (Waitin' for)
That heavy breathin' on the floor (On the floor)
I'm yours, I'm yours (I'm yours)

I'm not sentimental
I'm not sentimental
I'm not sentimental"
Billie Eilish,Getting Older,"I'm gettin' older, I think I'm agin' well
I wish someone had told me I'd be doin' this by myself
There's reasons that I'm thankful, there's a lot I'm grateful for
But it's different when a stranger's always waitin' at your door
Which is ironic 'cause the strangers seem to want me more
Than anyone before (Anyone before)
Too bad they're usually deranged

Last week, I realized I crave pity
When I retell a story, I make everything sound worse
Can't shake the feeling that I'm just bad at healing
And maybe that's the reason every sentence sounds rehearsed
Which is ironic because when I wasn't honest
I was still bein' ignored (Lyin' for attention just to get neglection)
Now we're estranged

Things I once enjoyed
Just keep me employed now
Things I'm longing for
Someday, I'll be bored of
It's so weird
That we care so much until we don't

I'm gettin' older, I've got more on my shoulders
But I'm gettin' better at admitting when I'm wrong
I'm happier than ever, at least, that's my endeavor
To keep myself together and prioritize my pleasure
'Cause, to be honest, I just wish that what I promise
Would depend on what I'm given, mmm (Not on his permission)
(Wasn't my decision) To be abused, mmm

Things I once enjoyed
Just keep me employed now, mmm
Things I'm longing for, mmm
Someday, I'll be bored of
It's so weird
That we care so much until we don't

But next week, I hope I'm somewhere laughin'
For anybody asking, I promise I'll be fine
I've had some trauma, did things I didn't wanna
Was too afraid to tell ya, but now, I think it's time"
Billie Eilish,Halley’s Comet,"I don't want it
And I don't want to want you
But in my dreams, I seem to be more honest
And I must admit you've been in quite a few

Halley's Comet
Comes around more than I do
But you're all it takes for me to break a promise
Silly me to fall in love with you

I haven't slept since Sunday
Midnight for me is 3AM for you
But my sleepless nights are better
With you than nights could ever be alone, ooh-ooh
I was good at feeling nothin', now I'm hopeless
What a drag to love you like I do
Ooh-ooh-ooh-ooh-ooh

I've been loved before, but right now, in this moment
I feel more and more like I was madе for you
For you


I'm sitting in my brother's room
Haven't slept in a week or two, or two
I think I might havе fallen in love
What am I to do?"
Billie Eilish,WHEN I WAS OLDER,"When I was older
I was a sailor on an open sea
But now I'm underwater
And my skin is paler than it should ever be
Hmm

I'm on my back again
Dreaming of a time and place
Where you and I remain the best of friends
Even after all this ends
Can we pretend?
I'm on my, I'm on my back again
It's seeming more and more
Like all we ever do is see how far it bends
Before it breaks in half and then
We bend it back again

Guess I got caught in the middle of it
Yes I've been taught, got a little of it
In my blood, in my blood
Memories burn like a forest fire
Heavy rain turns any funeral pyre to mud
In the flood

When I was older
I was a sailor on an open sea
But now I'm underwater
And my skin is paler than it should ever be

I'm watching movies back to back in black and white, I never
Seen anybody do it like I do it any better
Been goin' over you, I'm overdue for new endeavors
Nobody lonely like I'm lonely and I don't know whether
You'd really like it in the limelight
You'd sympathize with all the bad guys
I'm still a victim in my own right
But I'm the villain in my own eyes, yeah

When I was older
I was a sailor on an open sea"
Billie Eilish,I Didn’t Change My Number,"Okay
Mm-mm, I

I didn't change my number
I only changed who I reply to
Laura said I should be nicer
But not to you
I love a ""You mad at me?"" text
Shoulda guessed
That you would think I was upset (Haha)
You're obsessed

Don't take it out on me
I'm out of sympathy for you
Maybe you should leave
Before I get too mean

I didn't change my number
I only changed who I believe in
You were easy on the eyes, eyes, eyes (Eyes, eyеs)
But looks can be deceivin'
I gotta work, I go to work
You don't dеserve to feel so hurt
You got a lot of fuckin' nerve
I don't deserve, so

Don't take it out on me
I'm out of sympathy for you
Maybe you should leave
Before I get too mean
And take it out on you
And your best friend, too
I should have left when Drew
Said you were bad news

Mm-mm-mm
Mm-mm-mm
Mm-mm-mm
Mm-mm-mm
Mm-mm-mm
Mm-mm-mm"
Billie Eilish,Not My Responsibility,"Do you know me?
Really know me?
You have opinions about my opinions
About my music
About my clothes
About my body
Some people hate what I wear
Some people praise it
Some people use it to shame others
Some people use it to shame me
But I feel you watching
Always
And nothing I do goes unseen
So while I feel your stares, your disapproval or your sigh of relief
If I lived by them, I'd never be able to move
Would you like me to be smaller, weaker, softer, taller?
Would you like me to be quiet?
Do my shoulders provoke you? Does my chest?
Am I my stomach? My hips?
The body I was born with
Is it not what you wanted?
If I wear what is comfortable, I am not a woman
If I shed the layers, I'm a slut
Though you've never seen my body, you still judge it
And judge me for it
Why?
We make assumptions about people based on their size
We decide who they are
We decide what they're worth
If I wear more, if I wear less
Who decides what that makes me? What that means?
Is my value based only on your perception?
Or is your opinion of me not my responsibility?"
Billie Eilish,GOLDWING,"""He hath come to the bosom of his beloved
Smiling on him, she beareth him to highest heav'n
With yearning heart""
""On thee we gaze, O' gold-wing'd messenger of mighty Gods""


Gold-winged angel
Go home, don't tell
Anyone what you are
You're sacred and they're starved
And their art is gettin' dark
And there you are to tear apart
Tear apart, tear apart, tear apart

You better keep your head down-down
Da-da-down-down, da-da-down-down
Better keep your head down-down
Da-da-down-down, da-da-down-down

They're gonna tell you what you wanna hear
Then they're gonna disappear
Gonna claim you like a souvenir
Just to sell you in a year

You better keep your head down-down
Da-da-down-down, da-da-down-down
Keep your head down-down (Down)
Da-da-down-down, da-da-down-down
Better keep your head down-down
Da-da-down-down, da-da-down-down
Keep your head down-down
Da-da-down-down, da-da-down-down

That's good"
Billie Eilish,!!!!!!!,"My Invisalign has finally...
I have taken out my Invisalign
I have taken out my Invisalign, and this is the album
Hahahahahahahahahahaha, ahh"
Billie Eilish,OverHeated,"I don't really even know how it happened
I started talkin', they started laughin'
I don't really even know how it happened
I started watchin' them photographin'
I don't really (I don't really), how it happened
Instead of stoppin', they still were flashin' (I don't really)
I started walkin' (I don't really), gave no reaction
No reaction

I'm overheated, can't be defeated
Can't be deleted, can't un-believе it
I'm overheated, can't bе defeated
Can't be deleted, can't be repeated
I'm overheated
I'm overheated

I don't really wanna know why it went there (Why it went there)
I kinda don't care (Kinda don't care)
You wanna kill me? (You wanna kill me?)
You wanna hurt me? (Mmm)
Stop bein' flirty
It's kinda workin'
Did you really think this is the right thing to do?
(Is it news? News to who?)
That I really look just like the rest of you

I'm overheated, can't be defeated
Can't be deleted, can't un-believe it
I'm overheated, can't be defeated
Can't be deleted, can't be repeated
I'm overheated

And everybody said it was a letdown
I was only built like everybody else now
But I didn't get a surgery to help out
'Cause I'm not about to redesign myself now, am I?
(Am I?) Am I?
All these other inanimate bitches, it's none of my business
But don't you get sick of posin' for pictures
With that plastic body?

Man, I'm overheated, can't be defeated
Can't be deleted, can't un-believe it
I'm overheated, can't be defeated
Can't be deleted, can't be repeated
I'm overheated"
Billie Eilish,Everybody Dies,"Everybody dies, surprise, surprise
We tell each other lies, sometimes, we try
To make it feel like we might be right
We might not be alone
Be alone

""Everybody dies,"" that's what they say
And maybe, in a couple hundred years, they'll find another way
I just wonder why you'd wanna stay
If everybody goes
You'd still be alone

I don't wanna cry, some days I do
But not about you
It's just a lot to think about the world I'm used to
The one I can't get back, at lеast not for a while
I sure have a knack for seein' lifе more like a child
It's not my fault, it's not so wrong to wonder why
Everybody dies
And when will I?

You oughta know
That even when it's time, you might not wanna go
But it's okay to cry and it's alright to fold
But you are not alone
You are not unknown"
Billie Eilish,​sHE’s brOKen,"Another story of girl meets boy, and gets destroyed, uh, oh
Another promise broken in two, the lucky view of fiction

Fade away, fade away
Teach me how to fade away
Another story of girl meets boy

He's okay, she's broken
He's the ocean waves, she's chokin'
Fade away, fade away
Teach me how to fade away
Another story of girl meets boy

So picture perfect, it can't be real and all you feel is numb
You see them talking but hear no sound to hit the ground
And fade

He's okay, she's broken
He's the ocean waves, she's chokin'

Don't want it, don't need it
Don't want it
Don't want it, don't need it
Don't want it
Don't want it, don't need it
Don't want it
Don't need it, don't, don't need it
Don't need it, don't, don't need it
Don't need it, don't, don't need it"
Billie Eilish,Fingers Crossed,"In the end, when they're all gone
When the world is silent and the days are long
Just you and I, we'll be alive
We made it on our own

'Cause everybody makes it 'till they don't
And everybody wants to think they won't
'Cause everybody makes it 'till they don't
And everybody seems to think they won't, they won't, they won't, they won't

Maybe I'm still alive but my heart is beating slow
Baby, tell me I gotta know
Are you okay? You seem too far gone
Infected, standing there all alone

'Cause everybody makes it 'till they don't
And everybody wants to think they won't
And everybody makes it 'till they don't
And everybody seems to think they won't, they won't, they won't, they won't

The best of me, the best of me is you
The best of me, the best of me was you

Whoa, whoa, whoa, whoa
Ladum, badum, mmmm"
Billie Eilish,​limbo*,"I'm not crying on the phone when you call
What's the use in begging you to stay?
I'm not trying to save us anymore
Cut me loose, 'cause you're too far away

To make me feel better, make it alright
To give me your sweater, hold my hand tight
Seven days in limbo, push me out the window
Nothing in common, nothing to lose
Nothing but problems between me and you
With your arms akimbo, seven days in limbo
Seven days

I'll give all my weapons to you
We've said it all, no more bones to break
I'm done thinking that we might just spark enough
We're broken glass waiting to be washed away

Can't make me feel better, make it alright
Give me your sweater, hold my hand tight
Seven days in limbo, push me out the window
Nothing in common, nothing to lose
Nothing but problems between me and you
With your arms akimbo, seven days in limbo
Seven days

If you love me, let me go
If you love me, leave limbo

Can't make me feel better, make it alright
Can't give me your sweater, hold my hand tight
Seven days in limbo, just push me out the window
Nothing in common, nothing to lose
Nothing but problems between me and you
With your arms akimbo, seven days in limbo
Seven days"
